 ,Area(Ventricle),Mean(Ventricle),StdDev(Ventricle),Min(Ventricle),Max(Ventricle),Feret(Ventricle),FeretX(Ventricle),FeretY(Ventricle),FeretAngle(Ventricle),MinFeret(Ventricle)
1,29848,64.110,7.880,45,83,198,521,460,90,192
2,29848,64.103,7.853,45,83,198,521,460,90,192
3,29848,63.968,7.753,46,81,198,521,460,90,192
4,29848,63.761,7.677,47,82,198,521,460,90,192
5,29848,63.389,7.683,47,81,198,521,460,90,192
6,29848,62.946,7.638,45,81,198,521,460,90,192
7,29848,62.470,7.647,45,80,198,521,460,90,192
8,29848,61.961,7.605,45,79,198,521,460,90,192
9,29848,61.955,7.602,45,79,198,521,460,90,192
10,29848,61.436,7.655,45,79,198,521,460,90,192
11,29848,60.609,7.639,45,79,198,521,460,90,192
12,29848,59.874,7.642,44,79,198,521,460,90,192
13,29848,59.087,7.711,45,78,198,521,460,90,192
14,29848,58.114,8.058,44,78,198,521,460,90,192
15,29848,56.871,8.201,43,77,198,521,460,90,192
16,29848,55.770,8.433,42,77,198,521,460,90,192
17,29848,55.765,8.429,42,77,198,521,460,90,192
18,29848,55.275,8.432,40,75,198,521,460,90,192
19,29848,56.988,8.152,41,76,198,521,460,90,192
20,29848,62.214,7.705,46,79,198,521,460,90,192
21,29848,65.231,7.748,50,83,198,521,460,90,192
22,29848,65.881,7.922,48,87,198,521,460,90,192
23,29848,66.176,7.921,49,87,198,521,460,90,192
24,29848,66.177,7.909,49,87,198,521,460,90,192
25,29848,66.458,7.961,49,87,198,521,460,90,192
26,29848,66.659,7.992,49,87,198,521,460,90,192
27,29848,66.723,8.009,48,87,198,521,460,90,192
28,29848,66.516,8.018,48,87,198,521,460,90,192
29,29848,66.226,7.956,48,87,198,521,460,90,192
30,29848,65.960,7.935,48,84,198,521,460,90,192
31,29848,65.826,7.814,46,84,198,521,460,90,192
32,29848,65.834,7.812,46,84,198,521,460,90,192
33,29848,65.604,7.734,46,84,198,521,460,90,192
34,29848,64.916,7.804,47,83,198,521,460,90,192
35,29848,64.358,7.787,47,82,198,521,460,90,192
36,29848,64.254,7.732,47,82,198,521,460,90,192
37,29848,63.932,7.593,47,81,198,521,460,90,192
38,29848,63.473,7.582,47,81,198,521,460,90,192
39,29848,62.860,7.548,46,81,198,521,460,90,192
40,29848,62.866,7.549,46,81,198,521,460,90,192
41,29848,62.050,7.541,45,79,198,521,460,90,192
42,29848,61.210,7.586,45,78,198,521,460,90,192
43,29848,60.307,7.616,44,78,198,521,460,90,192
44,29848,59.362,7.811,44,78,198,521,460,90,192
45,29848,58.186,7.994,44,78,198,521,460,90,192
46,29848,57.382,8.151,42,77,198,521,460,90,192
47,29848,57.383,8.151,42,77,198,521,460,90,192
48,29848,56.715,8.461,42,78,198,521,460,90,192
49,29848,56.606,8.699,42,78,198,521,460,90,192
50,29848,58.640,8.413,41,79,198,521,460,90,192
51,29848,62.378,7.942,46,81,198,521,460,90,192
52,29848,64.744,7.850,48,83,198,521,460,90,192
53,29848,65.394,7.958,48,85,198,521,460,90,192
54,29848,65.629,8.041,47,86,198,521,460,90,192
55,29848,65.586,8.045,46,86,198,521,460,90,192
56,29848,65.896,8.042,47,86,198,521,460,90,192
57,29848,66.204,8.001,47,85,198,521,460,90,192
58,29848,66.270,8.015,47,85,198,521,460,90,192
59,29848,66.039,8.050,47,85,198,521,460,90,192
60,29848,65.732,7.997,48,85,198,521,460,90,192
61,29848,65.541,7.950,48,84,198,521,460,90,192
62,29848,65.405,7.860,48,84,198,521,460,90,192
63,29848,65.408,7.863,48,84,198,521,460,90,192
64,29848,65.359,7.827,47,83,198,521,460,90,192
65,29848,65.013,7.730,47,82,198,521,460,90,192
66,29848,64.376,7.662,46,82,198,521,460,90,192
67,29848,63.918,7.594,46,82,198,521,460,90,192
68,29848,63.471,7.488,46,82,198,521,460,90,192
69,29848,62.731,7.532,45,81,198,521,460,90,192
70,29848,62.731,7.528,45,81,198,521,460,90,192
71,29848,62.113,7.466,44,81,198,521,460,90,192
72,29848,61.550,7.516,45,81,198,521,460,90,192
73,29848,61.105,7.438,45,79,198,521,460,90,192
74,29848,60.319,7.604,44,79,198,521,460,90,192
75,29848,59.523,7.582,44,79,198,521,460,90,192
76,29848,58.411,7.809,44,79,198,521,460,90,192
77,29848,56.852,7.965,42,79,198,521,460,90,192
78,29848,56.850,7.963,42,79,198,521,460,90,192
79,29848,55.280,7.969,38,75,198,521,460,90,192
80,29848,55.050,7.968,38,75,198,521,460,90,192
81,29848,55.514,7.883,38,74,198,521,460,90,192
82,29848,57.905,7.318,42,76,198,521,460,90,192
83,29848,62.191,7.326,46,81,198,521,460,90,192
84,29848,65.677,7.582,48,83,198,521,460,90,192
85,29848,66.722,7.787,49,88,198,521,460,90,192
86,29848,66.718,7.789,49,88,198,521,460,90,192
87,29848,66.840,7.726,49,87,198,521,460,90,192
88,29848,66.856,7.713,49,85,198,521,460,90,192
89,29848,67.028,7.777,49,86,198,521,460,90,192
90,29848,66.837,7.792,49,86,198,521,460,90,192
91,29848,66.379,7.883,48,85,198,521,460,90,192
92,29848,65.935,7.898,48,84,198,521,460,90,192
93,29848,65.924,7.891,48,84,198,521,460,90,192
94,29848,65.224,7.810,48,83,198,521,460,90,192
95,29848,64.948,7.763,47,83,198,521,460,90,192
96,29848,64.378,7.607,46,83,198,521,460,90,192
97,29848,64.119,7.532,46,83,198,521,460,90,192
98,29848,63.781,7.561,44,81,198,521,460,90,192
99,29848,63.471,7.627,44,83,198,521,460,90,192
100,29848,62.572,7.589,45,82,198,521,460,90,192
101,29848,62.566,7.588,45,82,198,521,460,90,192
102,29848,61.908,7.618,44,81,198,521,460,90,192
103,29848,61.316,7.551,45,80,198,521,460,90,192
104,29848,60.477,7.558,44,78,198,521,460,90,192
105,29848,59.685,7.619,45,79,198,521,460,90,192
106,29848,58.772,7.640,44,79,198,521,460,90,192
107,29848,57.838,7.914,43,78,198,521,460,90,192
108,29848,56.967,8.071,43,78,198,521,460,90,192
109,29848,56.969,8.077,43,78,198,521,460,90,192
110,29848,56.390,8.275,41,77,198,521,460,90,192
111,29848,56.144,8.447,41,77,198,521,460,90,192
112,29848,56.041,8.662,40,78,198,521,460,90,192
113,29848,56.281,8.543,40,79,198,521,460,90,192
114,29848,58.902,7.864,43,79,198,521,460,90,192
115,29848,63.074,7.504,45,81,198,521,460,90,192
116,29848,63.071,7.510,45,81,198,521,460,90,192
117,29848,65.794,7.827,48,84,198,521,460,90,192
118,29848,66.580,7.871,48,84,198,521,460,90,192
119,29848,66.629,7.850,48,85,198,521,460,90,192
120,29848,66.567,7.853,48,85,198,521,460,90,192
121,29848,66.305,7.888,47,85,198,521,460,90,192
122,29848,65.698,7.962,47,83,198,521,460,90,192
123,29848,65.164,7.819,47,82,198,521,460,90,192
124,29848,65.159,7.819,47,82,198,521,460,90,192
125,29848,64.939,7.903,46,83,198,521,460,90,192
126,29848,64.753,7.751,46,82,198,521,460,90,192
127,29848,64.641,7.703,46,82,198,521,460,90,192
128,29848,64.366,7.574,45,82,198,521,460,90,192
129,29848,64.005,7.495,45,82,198,521,460,90,192
130,29848,63.882,7.453,45,82,198,521,460,90,192
131,29848,63.379,7.360,45,82,198,521,460,90,192
132,29848,63.380,7.357,45,82,198,521,460,90,192
133,29848,62.754,7.491,45,82,198,521,460,90,192
134,29848,62.139,7.442,45,80,198,521,460,90,192
135,29848,61.489,7.527,45,79,198,521,460,90,192
136,29848,60.792,7.521,45,80,198,521,460,90,192
137,29848,60.140,7.517,44,78,198,521,460,90,192
138,29848,59.071,7.614,44,81,198,521,460,90,192
139,29848,59.071,7.612,44,81,198,521,460,90,192
140,29848,58.173,7.793,43,78,198,521,460,90,192
141,29848,57.165,7.871,44,78,198,521,460,90,192
142,29848,56.434,8.030,42,76,198,521,460,90,192
143,29848,55.478,8.131,40,74,198,521,460,90,192
144,29848,55.206,8.169,38,75,198,521,460,90,192
145,29848,55.756,8.051,38,75,198,521,460,90,192
146,29848,58.730,7.539,43,76,198,521,460,90,192
147,29848,58.731,7.542,43,76,198,521,460,90,192
148,29848,63.069,7.662,45,81,198,521,460,90,192
149,29848,65.786,7.788,48,85,198,521,460,90,192
150,29848,66.633,7.910,47,87,198,521,460,90,192
151,29848,66.986,7.967,48,87,198,521,460,90,192
152,29848,67.219,7.962,48,87,198,521,460,90,192
153,29848,67.239,7.915,48,87,198,521,460,90,192
154,29848,66.849,7.875,48,87,198,521,460,90,192
155,29848,66.846,7.876,48,87,198,521,460,90,192
156,29848,66.390,7.865,47,85,198,521,460,90,192
157,29848,65.944,7.833,48,85,198,521,460,90,192
158,29848,65.859,7.778,48,85,198,521,460,90,192
159,29848,65.474,7.689,48,83,198,521,460,90,192
160,29848,65.470,7.725,48,83,198,521,460,90,192
161,29848,65.266,7.735,48,82,198,521,460,90,192
162,29848,65.266,7.738,48,82,198,521,460,90,192
163,29848,64.509,7.767,47,82,198,521,460,90,192
164,29848,63.788,7.690,47,82,198,521,460,90,192
165,29848,63.278,7.797,45,82,198,521,460,90,192
166,29848,62.662,7.696,45,81,198,521,460,90,192
167,29848,61.999,7.677,44,79,198,521,460,90,192
168,29848,61.122,7.659,45,78,198,521,460,90,192
169,29848,60.126,7.711,44,77,198,521,460,90,192
170,29848,60.128,7.711,44,77,198,521,460,90,192
171,29848,59.176,7.675,44,79,198,521,460,90,192
172,29848,58.508,7.899,44,78,198,521,460,90,192
173,29848,57.656,7.896,42,77,198,521,460,90,192
174,29848,57.120,8.190,43,77,198,521,460,90,192
175,29848,56.905,8.772,41,78,198,521,460,90,192
176,29848,59.229,8.560,41,78,198,521,460,90,192
177,29848,63.308,7.981,44,81,198,521,460,90,192
178,29848,63.305,7.982,44,81,198,521,460,90,192
179,29848,66.049,7.687,49,84,198,521,460,90,192
180,29848,67.259,7.896,49,88,198,521,460,90,192
181,29848,68.120,7.952,50,89,198,521,460,90,192
182,29848,68.561,8.121,50,90,198,521,460,90,192
183,29848,68.484,8.005,50,89,198,521,460,90,192
184,29848,68.101,8.053,50,89,198,521,460,90,192
185,29848,67.662,7.998,49,88,198,521,460,90,192
186,29848,67.654,7.991,49,88,198,521,460,90,192
187,29848,67.304,7.967,49,88,198,521,460,90,192
188,29848,67.295,7.922,49,88,198,521,460,90,192
189,29848,67.320,7.901,49,87,198,521,460,90,192
190,29848,66.866,7.714,48,87,198,521,460,90,192
191,29848,66.564,7.788,48,85,198,521,460,90,192
192,29848,66.396,7.785,48,84,198,521,460,90,192
193,29848,66.393,7.783,48,84,198,521,460,90,192
194,29848,66.191,7.722,48,84,198,521,460,90,192
195,29848,65.424,7.689,48,83,198,521,460,90,192
196,29848,64.760,7.607,48,83,198,521,460,90,192
197,29848,64.306,7.635,46,83,198,521,460,90,192
198,29848,63.532,7.525,45,82,198,521,460,90,192
199,29848,62.670,7.568,45,81,198,521,460,90,192
200,29848,61.797,7.586,45,79,198,521,460,90,192
201,29848,61.791,7.586,44,79,198,521,460,90,192
202,29848,60.875,7.751,44,81,198,521,460,90,192
203,29848,59.959,7.966,44,81,198,521,460,90,192
204,29848,58.966,8.128,43,79,198,521,460,90,192
205,29848,58.432,8.441,44,79,198,521,460,90,192
206,29848,58.340,8.858,42,81,198,521,460,90,192
207,29848,60.981,8.434,44,83,198,521,460,90,192
208,29848,65.126,7.630,48,84,198,521,460,90,192
209,29848,65.128,7.625,48,84,198,521,460,90,192
210,29848,67.562,7.566,49,88,198,521,460,90,192
211,29848,69.127,7.853,50,90,198,521,460,90,192
212,29848,69.731,7.848,52,91,198,521,460,90,192
213,29848,69.980,7.956,51,91,198,521,460,90,192
214,29848,70.149,7.915,51,91,198,521,460,90,192
215,29848,69.926,7.953,51,91,198,521,460,90,192
216,29848,69.923,7.954,51,91,198,521,460,90,192
217,29848,69.481,7.929,51,90,198,521,460,90,192
218,29848,69.247,8.028,51,91,198,521,460,90,192
219,29848,68.842,7.876,51,89,198,521,460,90,192
220,29848,68.709,7.830,51,87,198,521,460,90,192
221,29848,68.385,7.755,51,85,198,521,460,90,192
222,29848,67.803,7.676,51,87,198,521,460,90,192
223,29848,67.346,7.586,50,87,198,521,460,90,192
224,29848,67.345,7.589,50,87,198,521,460,90,192
225,29848,67.456,7.612,50,87,198,521,460,90,192
226,29848,67.558,7.591,50,85,198,521,460,90,192
227,29848,67.382,7.512,50,85,198,521,460,90,192
228,29848,66.476,7.478,50,84,198,521,460,90,192
229,29848,65.545,7.474,49,83,198,521,460,90,192
230,29848,64.712,7.632,49,83,198,521,460,90,192
231,29848,64.002,7.530,49,83,198,521,460,90,192
232,29848,64.005,7.533,49,83,198,521,460,90,192
233,29848,63.216,7.776,48,83,198,521,460,90,192
234,29848,62.248,7.876,48,84,198,521,460,90,192
235,29848,61.487,8.243,45,84,198,521,460,90,192
236,29848,60.812,8.797,45,83,198,521,460,90,192
237,29848,60.796,9.089,45,84,198,521,460,90,192
238,29848,61.039,9.009,45,83,198,521,460,90,192
239,29848,61.043,9.007,45,83,198,521,460,90,192
240,29848,62.345,8.608,44,84,198,521,460,90,192
241,29848,66.214,7.921,48,85,198,521,460,90,192
242,29848,69.289,7.784,51,89,198,521,460,90,192
243,29848,70.611,8.009,51,93,198,521,460,90,192
244,29848,71.171,8.044,51,93,198,521,460,90,192
245,29848,71.613,8.050,51,92,198,521,460,90,192
246,29848,71.833,8.050,51,92,198,521,460,90,192
247,29848,71.831,8.053,51,92,198,521,460,90,192
248,29848,71.966,8.047,51,94,198,521,460,90,192
249,29848,71.925,8.017,52,92,198,521,460,90,192
250,29848,71.512,8.061,52,92,198,521,460,90,192
251,29848,71.257,8.070,51,91,198,521,460,90,192
252,29848,70.904,8.034,51,92,198,521,460,90,192
253,29848,70.780,7.957,52,92,198,521,460,90,192
254,29848,70.608,7.919,52,91,198,521,460,90,192
255,29848,70.608,7.916,52,91,198,521,460,90,192
256,29848,70.202,7.887,52,90,198,521,460,90,192
257,29848,69.746,7.892,51,90,198,521,460,90,192
258,29848,69.416,7.910,52,89,198,521,460,90,192
259,29848,68.925,7.926,52,89,198,521,460,90,192
260,29848,68.428,8.042,51,89,198,521,460,90,192
261,29848,67.787,8.167,51,90,198,521,460,90,192
262,29848,67.785,8.167,51,90,198,521,460,90,192
263,29848,67.267,8.425,51,91,198,521,460,90,192
264,29848,66.645,8.608,50,91,198,521,460,90,192
265,29848,65.958,8.909,49,92,198,521,460,90,192
266,29848,65.139,9.055,48,92,198,521,460,90,192
267,29848,64.399,9.129,48,91,198,521,460,90,192
268,29848,63.914,9.179,48,90,198,521,460,90,192
269,29848,63.854,9.585,46,90,198,521,460,90,192
270,29848,63.852,9.577,46,90,198,521,460,90,192
271,29848,63.675,9.716,44,89,198,521,460,90,192
272,29848,63.586,9.646,44,88,198,521,460,90,192
273,29848,63.469,9.553,44,89,198,521,460,90,192
274,29848,63.590,9.340,45,87,198,521,460,90,192
275,29848,64.744,8.975,47,85,198,521,460,90,192
276,29848,67.144,8.335,48,88,198,521,460,90,192
277,29848,69.415,8.290,51,90,198,521,460,90,192
278,29848,69.418,8.290,51,90,198,521,460,90,192
279,29848,70.394,8.374,51,91,198,521,460,90,192
280,29848,70.998,8.435,51,91,198,521,460,90,192
281,29848,71.370,8.395,52,92,198,521,460,90,192
282,29848,71.560,8.352,51,92,198,521,460,90,192
283,29848,71.683,8.311,51,92,198,521,460,90,192
284,29848,71.762,8.253,51,92,198,521,460,90,192
285,29848,71.763,8.251,51,92,198,521,460,90,192
286,29848,71.322,8.211,51,91,198,521,460,90,192
287,29848,70.840,8.132,52,91,198,521,460,90,192
288,29848,70.375,8.037,51,90,198,521,460,90,192
289,29848,70.093,8.020,51,90,198,521,460,90,192
290,29848,69.687,8.039,51,89,198,521,460,90,192
291,29848,69.251,7.945,51,89,198,521,460,90,192
292,29848,68.832,7.946,51,88,198,521,460,90,192
293,29848,68.823,7.946,50,88,198,521,460,90,192
294,29848,68.375,7.859,50,88,198,521,460,90,192
295,29848,68.054,8.017,50,89,198,521,460,90,192
296,29848,67.455,8.199,50,89,198,521,460,90,192
297,29848,66.466,8.323,50,89,198,521,460,90,192
298,29848,65.385,8.640,49,90,198,521,460,90,192
299,29848,64.277,8.869,49,90,198,521,460,90,192
300,29848,63.250,9.303,46,90,198,521,460,90,192
301,29848,63.247,9.301,46,90,198,521,460,90,192
302,29848,62.293,9.522,45,90,198,521,460,90,192
303,29848,61.563,9.617,44,89,198,521,460,90,192
304,29848,61.141,9.673,44,88,198,521,460,90,192
305,29848,61.182,9.950,44,88,198,521,460,90,192
306,29848,61.071,10.092,44,88,198,521,460,90,192
307,29848,61.115,10.074,43,88,198,521,460,90,192
308,29848,61.112,10.078,43,88,198,521,460,90,192
309,29848,61.374,9.861,42,87,198,521,460,90,192
310,29848,62.945,9.155,45,87,198,521,460,90,192
311,29848,65.638,8.323,48,86,198,521,460,90,192
312,29848,68.297,7.843,50,88,198,521,460,90,192
313,29848,69.382,7.853,51,89,198,521,460,90,192
314,29848,69.958,7.874,51,91,198,521,460,90,192
315,29848,70.055,7.854,51,90,198,521,460,90,192
316,29848,70.055,7.857,51,90,198,521,460,90,192
317,29848,70.081,7.806,51,90,198,521,460,90,192
318,29848,69.962,7.642,51,90,198,521,460,90,192
319,29848,69.694,7.524,52,89,198,521,460,90,192
320,29848,69.657,7.561,52,89,198,521,460,90,192
321,29848,69.330,7.399,52,88,198,521,460,90,192
322,29848,69.035,7.507,52,89,198,521,460,90,192
323,29848,68.768,7.412,52,88,198,521,460,90,192
324,29848,68.765,7.415,52,88,198,521,460,90,192
325,29848,68.484,7.385,52,87,198,521,460,90,192
326,29848,67.822,7.473,50,87,198,521,460,90,192
327,29848,67.254,7.553,49,86,198,521,460,90,192
328,29848,66.397,7.585,49,86,198,521,460,90,192
329,29848,65.681,7.791,48,86,198,521,460,90,192
330,29848,64.798,7.901,48,86,198,521,460,90,192
331,29848,64.784,7.897,48,86,198,521,460,90,192
332,29848,63.894,8.079,46,85,198,521,460,90,192
333,29848,62.742,8.188,45,84,198,521,460,90,192
334,29848,61.821,8.385,45,85,198,521,460,90,192
335,29848,60.620,8.591,45,83,198,521,460,90,192
336,29848,59.663,8.795,43,83,198,521,460,90,192
337,29848,58.744,8.949,43,83,198,521,460,90,192
338,29848,58.356,9.053,41,81,198,521,460,90,192
339,29848,58.360,9.054,41,81,198,521,460,90,192
340,29848,58.364,9.474,41,81,198,521,460,90,192
341,29848,58.453,9.694,41,82,198,521,460,90,192
342,29848,61.304,9.196,42,84,198,521,460,90,192
343,29848,65.839,8.084,48,85,198,521,460,90,192
344,29848,68.850,7.881,49,90,198,521,460,90,192
345,29848,69.890,7.955,51,90,198,521,460,90,192
346,29848,70.408,8.028,51,90,198,521,460,90,192
347,29848,70.414,8.030,51,90,198,521,460,90,192
348,29848,70.692,8.063,51,91,198,521,460,90,192
349,29848,70.632,8.103,51,91,198,521,460,90,192
350,29848,70.059,8.134,51,91,198,521,460,90,192
351,29848,69.483,8.058,49,90,198,521,460,90,192
352,29848,69.269,8.023,49,90,198,521,460,90,192
353,29848,69.083,7.933,50,89,198,521,460,90,192
354,29848,69.083,7.936,50,89,198,521,460,90,192
355,29848,68.816,7.817,49,88,198,521,460,90,192
356,29848,68.346,7.739,50,88,198,521,460,90,192
357,29848,67.919,7.653,50,89,198,521,460,90,192
358,29848,67.453,7.650,49,86,198,521,460,90,192
359,29848,66.915,7.649,49,85,198,521,460,90,192
360,29848,66.507,7.650,49,83,198,521,460,90,192
361,29848,65.864,7.740,49,83,198,521,460,90,192
362,29848,65.861,7.744,49,83,198,521,460,90,192
363,29848,64.962,7.725,49,83,198,521,460,90,192
364,29848,64.068,7.910,47,82,198,521,460,90,192
365,29848,63.145,7.913,46,82,198,521,460,90,192
366,29848,62.406,8.093,44,82,198,521,460,90,192
367,29848,61.585,8.202,45,82,198,521,460,90,192
368,29848,60.953,8.292,44,81,198,521,460,90,192
369,29848,60.514,8.769,44,82,198,521,460,90,192
370,29848,60.511,8.770,44,82,198,521,460,90,192
371,29848,60.522,9.157,43,83,198,521,460,90,192
372,29848,61.641,9.098,44,84,198,521,460,90,192
373,29848,65.215,8.034,46,85,198,521,460,90,192
374,29848,68.799,7.654,51,89,198,521,460,90,192
375,29848,70.677,7.823,52,90,198,521,460,90,192
376,29848,71.389,8.203,52,91,198,521,460,90,192
377,29848,71.394,8.200,52,91,198,521,460,90,192
378,29848,71.736,8.200,52,91,198,521,460,90,192
379,29848,71.945,8.280,52,94,198,521,460,90,192
380,29848,71.936,8.283,52,94,198,521,460,90,192
381,29848,71.691,8.327,52,94,198,521,460,90,192
382,29848,71.207,8.347,51,95,198,521,460,90,192
383,29848,70.828,8.371,51,92,198,521,460,90,192
384,29848,70.807,8.354,51,92,198,521,460,90,192
385,29848,70.807,8.354,51,92,198,521,460,90,192
386,29848,70.378,8.151,51,91,198,521,460,90,192
387,29848,70.020,8.060,51,91,198,521,460,90,192
388,29848,69.169,7.999,52,90,198,521,460,90,192
389,29848,68.641,7.950,51,89,198,521,460,90,192
390,29848,68.067,7.954,49,88,198,521,460,90,192
391,29848,67.522,7.870,49,88,198,521,460,90,192
392,29848,66.880,7.899,48,87,198,521,460,90,192
393,29848,66.879,7.902,48,87,198,521,460,90,192
394,29848,66.180,7.983,48,85,198,521,460,90,192
395,29848,65.285,8.077,48,84,198,521,460,90,192
396,29848,64.436,8.252,48,84,198,521,460,90,192
397,29848,63.535,8.494,45,83,198,521,460,90,192
398,29848,62.740,8.617,45,83,198,521,460,90,192
399,29848,61.917,8.815,44,82,198,521,460,90,192
400,29848,61.917,8.814,44,83,198,521,460,90,192
401,29848,61.695,9.165,44,83,198,521,460,90,192
402,29848,61.517,9.554,44,85,198,521,460,90,192
403,29848,61.520,9.561,44,85,198,521,460,90,192
404,29848,62.172,9.421,44,85,198,521,460,90,192
405,29848,64.673,8.531,45,85,198,521,460,90,192
406,29848,68.575,7.903,50,90,198,521,460,90,192
407,29848,71.119,8.053,52,90,198,521,460,90,192
408,29848,71.119,8.052,52,90,198,521,460,90,192
409,29848,71.996,8.285,53,92,198,521,460,90,192
410,29848,72.411,8.452,53,94,198,521,460,90,192
411,29848,72.607,8.502,53,94,198,521,460,90,192
412,29848,72.952,8.462,53,95,198,521,460,90,192
413,29848,72.793,8.487,52,96,198,521,460,90,192
414,29848,72.239,8.491,51,95,198,521,460,90,192
415,29848,71.562,8.496,52,94,198,521,460,90,192
416,29848,71.560,8.491,52,94,198,521,460,90,192
417,29848,71.295,8.436,51,91,198,521,460,90,192
418,29848,71.017,8.318,51,91,198,521,460,90,192
419,29848,70.813,8.250,51,90,198,521,460,90,192
420,29848,70.369,8.181,51,90,198,521,460,90,192
421,29848,69.912,8.233,51,90,198,521,460,90,192
422,29848,69.253,8.166,51,90,198,521,460,90,192
423,29848,69.243,8.166,51,90,198,521,460,90,192
424,29848,68.764,8.074,51,89,198,521,460,90,192
425,29848,68.011,8.181,50,88,198,521,460,90,192
426,29848,67.313,8.204,50,87,198,521,460,90,192
427,29848,66.420,8.264,49,84,198,521,460,90,192
428,29848,65.490,8.474,49,84,198,521,460,90,192
429,29848,64.584,8.595,47,86,198,521,460,90,192
430,29848,63.796,8.789,46,86,198,521,460,90,192
431,29848,63.799,8.791,46,86,198,521,460,90,192
432,29848,62.788,8.872,45,84,198,521,460,90,192
433,29848,62.190,9.105,45,84,198,521,460,90,192
434,29848,62.027,9.635,44,85,198,521,460,90,192
435,29848,62.153,9.976,43,88,198,521,460,90,192
436,29848,62.764,9.975,44,87,198,521,460,90,192
437,29848,65.506,9.096,48,88,198,521,460,90,192
438,29848,69.351,8.181,51,89,198,521,460,90,192
439,29848,69.351,8.182,51,89,198,521,460,90,192
440,29848,71.704,8.237,53,91,198,521,460,90,192
441,29848,72.333,8.450,53,92,198,521,460,90,192
442,29848,72.525,8.507,53,94,198,521,460,90,192
443,29848,72.695,8.496,53,94,198,521,460,90,192
444,29848,72.786,8.469,53,95,198,521,460,90,192
445,29848,72.856,8.489,53,94,198,521,460,90,192
446,29848,72.560,8.466,53,95,198,521,460,90,192
447,29848,72.559,8.468,53,95,198,521,460,90,192
448,29848,72.030,8.512,53,94,198,521,460,90,192
449,29848,71.687,8.343,53,92,198,521,460,90,192
450,29848,71.329,8.301,53,91,198,521,460,90,192
451,29848,71.136,8.139,53,91,198,521,460,90,192
452,29848,70.851,7.993,54,90,198,521,460,90,192
453,29848,70.472,7.934,53,90,198,521,460,90,192
454,29848,70.476,7.932,53,90,198,521,460,90,192
455,29848,70.023,7.882,52,89,198,521,460,90,192
456,29848,69.699,7.867,52,89,198,521,460,90,192
457,29848,68.986,7.884,52,89,198,521,460,90,192
458,29848,68.433,7.988,52,89,198,521,460,90,192
459,29848,67.474,8.177,52,89,198,521,460,90,192
460,29848,66.618,8.283,51,88,198,521,460,90,192
461,29848,65.505,8.526,48,88,198,521,460,90,192
462,29848,65.500,8.526,48,88,198,521,460,90,192
463,29848,64.482,8.670,48,86,198,521,460,90,192
464,29848,63.349,8.873,46,86,198,521,460,90,192
465,29848,62.316,9.051,44,84,198,521,460,90,192
466,29848,61.135,9.426,44,83,198,521,460,90,192
467,29848,60.605,9.785,43,83,198,521,460,90,192
468,29848,60.643,9.740,42,82,198,521,460,90,192
469,29848,61.774,9.284,44,82,198,521,460,90,192
470,29848,61.775,9.285,44,82,198,521,460,90,192
471,29848,64.455,8.438,46,83,198,521,460,90,192
472,29848,68.217,7.763,51,88,198,521,460,90,192
473,29848,70.958,7.944,53,89,198,521,460,90,192
474,29848,71.975,8.128,53,91,198,521,460,90,192
475,29848,72.309,8.197,55,91,198,521,460,90,192
476,29848,72.613,8.292,55,94,198,521,460,90,192
477,29848,72.614,8.292,55,94,198,521,460,90,192
478,29848,72.663,8.310,55,95,198,521,460,90,192
479,29848,72.463,8.372,55,95,198,521,460,90,192
480,29848,71.849,8.405,53,94,198,521,460,90,192
481,29848,71.252,8.243,53,92,198,521,460,90,192
482,29848,70.725,8.250,53,91,198,521,460,90,192
483,29848,70.283,8.209,52,91,198,521,460,90,192
484,29848,69.666,8.055,52,90,198,521,460,90,192
485,29848,69.665,8.063,52,90,198,521,460,90,192
486,29848,69.468,8.019,52,88,198,521,460,90,192
487,29848,69.015,8.017,52,88,198,521,460,90,192
488,29848,68.509,8.205,51,89,198,521,460,90,192
489,29848,67.919,8.163,50,88,198,521,460,90,192
490,29848,67.448,8.181,50,87,198,521,460,90,192
491,29848,66.747,8.234,49,87,198,521,460,90,192
492,29848,66.090,8.305,51,86,198,521,460,90,192
493,29848,66.086,8.306,51,86,198,521,460,90,192
494,29848,65.246,8.445,48,87,198,521,460,90,192
495,29848,64.496,8.683,48,87,198,521,460,90,192
496,29848,63.605,8.891,46,86,198,521,460,90,192
497,29848,62.981,8.972,46,86,198,521,460,90,192
498,29848,62.141,9.130,45,83,198,521,460,90,192
499,29848,61.827,9.436,45,83,198,521,460,90,192
500,29848,61.827,9.436,45,83,198,521,460,90,192
501,29848,61.863,9.672,45,84,198,521,460,90,192
502,29848,62.190,9.679,45,85,198,521,460,90,192
503,29848,62.756,9.470,44,85,198,521,460,90,192
504,29848,64.824,8.587,46,85,198,521,460,90,192
505,29848,67.735,7.887,51,87,198,521,460,90,192
506,29848,70.925,7.700,53,89,198,521,460,90,192
507,29848,72.034,7.865,55,90,198,521,460,90,192
508,29848,72.038,7.863,55,90,198,521,460,90,192
509,29848,72.431,7.893,53,92,198,521,460,90,192
510,29848,72.639,7.978,55,92,198,521,460,90,192
511,29848,72.742,8.044,55,92,198,521,460,90,192
512,29848,72.491,8.128,55,92,198,521,460,90,192
513,29848,72.083,8.205,55,92,198,521,460,90,192
514,29848,71.481,8.224,53,91,198,521,460,90,192
515,29848,71.248,8.135,53,91,198,521,460,90,192
516,29848,71.245,8.133,53,91,198,521,460,90,192
517,29848,70.998,8.092,53,91,198,521,460,90,192
518,29848,70.782,7.994,53,91,198,521,460,90,192
519,29848,70.186,7.984,53,89,198,521,460,90,192
520,29848,69.998,7.883,53,89,198,521,460,90,192
521,29848,69.526,7.962,51,89,198,521,460,90,192
522,29848,68.928,8.083,51,91,198,521,460,90,192
523,29848,68.931,8.078,51,91,198,521,460,90,192
524,29848,68.575,8.043,51,88,198,521,460,90,192
525,29848,67.730,8.136,51,88,198,521,460,90,192
526,29848,67.080,8.301,49,88,198,521,460,90,192
527,29848,66.326,8.342,49,87,198,521,460,90,192
528,29848,65.650,8.456,49,86,198,521,460,90,192
529,29848,64.893,8.469,49,84,198,521,460,90,192
530,29848,64.227,8.633,48,84,198,521,460,90,192
531,29848,64.225,8.632,48,84,198,521,460,90,192
532,29848,63.378,8.768,46,84,198,521,460,90,192
533,29848,62.836,8.793,47,83,198,521,460,90,192
534,29848,62.565,8.949,45,83,198,521,460,90,192
535,29848,62.744,9.101,45,83,198,521,460,90,192
536,29848,63.137,9.089,45,83,198,521,460,90,192
537,29848,64.743,8.547,47,84,198,521,460,90,192
538,29848,67.909,7.828,50,87,198,521,460,90,192
539,29848,67.910,7.827,50,87,198,521,460,90,192
540,29848,70.608,7.726,53,89,198,521,460,90,192
541,29848,71.452,7.858,53,91,198,521,460,90,192
542,29848,71.714,7.998,53,91,198,521,460,90,192
543,29848,72.098,8.012,53,91,198,521,460,90,192
544,29848,72.244,8.039,53,92,198,521,460,90,192
545,29848,71.877,8.150,53,92,198,521,460,90,192
546,29848,71.878,8.152,53,92,198,521,460,90,192
547,29848,71.323,8.199,53,92,198,521,460,90,192
548,29848,70.789,8.199,52,90,198,521,460,90,192
549,29848,70.596,8.131,52,91,198,521,460,90,192
550,29848,70.371,8.070,52,91,198,521,460,90,192
551,29848,70.147,8.019,52,90,198,521,460,90,192
552,29848,69.755,8.104,52,89,198,521,460,90,192
553,29848,69.052,8.167,51,89,198,521,460,90,192
554,29848,69.055,8.167,51,89,198,521,460,90,192
555,29848,68.742,8.145,51,88,198,521,460,90,192
556,29848,68.055,8.154,50,88,198,521,460,90,192
557,29848,67.519,8.108,50,87,198,521,460,90,192
558,29848,66.916,8.141,50,85,198,521,460,90,192
559,29848,66.375,8.266,48,84,198,521,460,90,192
560,29848,65.713,8.245,49,83,198,521,460,90,192
561,29848,65.010,8.335,48,83,198,521,460,90,192
562,29848,65.005,8.336,48,83,198,521,460,90,192
563,29848,63.906,8.377,48,82,198,521,460,90,192
564,29848,62.638,8.432,46,82,198,521,460,90,192
565,29848,61.374,8.689,46,82,198,521,460,90,192
566,29848,60.589,8.861,45,81,198,521,460,90,192
567,29848,59.975,9.190,44,82,198,521,460,90,192
568,29848,60.516,9.283,44,83,198,521,460,90,192
569,29848,60.513,9.285,44,83,198,521,460,90,192
570,29848,64.046,8.280,47,84,198,521,460,90,192
571,29848,66.995,8.147,49,87,198,521,460,90,192
572,29848,68.306,8.226,50,89,198,521,460,90,192
573,29848,69.288,8.211,51,90,198,521,460,90,192
574,29848,69.634,8.197,51,90,198,521,460,90,192
575,29848,69.880,8.273,52,91,198,521,460,90,192
576,29848,69.957,8.333,52,91,198,521,460,90,192
577,29848,69.960,8.332,52,91,198,521,460,90,192
578,29848,69.904,8.358,52,91,198,521,460,90,192
579,29848,69.528,8.304,52,91,198,521,460,90,192
580,29848,69.118,8.422,51,91,198,521,460,90,192
581,29848,68.936,8.333,51,89,198,521,460,90,192
582,29848,68.858,8.360,51,89,198,521,460,90,192
583,29848,68.674,8.318,51,89,198,521,460,90,192
584,29848,68.403,8.267,51,90,198,521,460,90,192
585,29848,68.401,8.263,51,89,198,521,460,90,192
586,29848,67.846,8.215,51,88,198,521,460,90,192
587,29848,67.429,8.168,50,88,198,521,460,90,192
588,29848,66.933,8.238,50,87,198,521,460,90,192
589,29848,66.634,8.314,49,87,198,521,460,90,192
590,29848,66.239,8.283,49,84,198,521,460,90,192
591,29848,65.535,8.358,49,83,198,521,460,90,192
592,29848,65.535,8.361,49,83,198,521,460,90,192
593,29848,65.042,8.398,48,82,198,521,460,90,192
594,29848,64.171,8.507,47,83,198,521,460,90,192
595,29848,63.476,8.542,45,81,198,521,460,90,192
596,29848,62.525,8.783,44,82,198,521,460,90,192
597,29848,61.586,9.170,44,82,198,521,460,90,192
598,29848,60.470,9.467,45,81,198,521,460,90,192
599,29848,60.277,9.657,42,82,198,521,460,90,192
600,29848,60.277,9.660,42,82,198,521,460,90,192
601,29848,60.663,9.573,43,81,198,521,460,90,192
602,29848,62.165,9.044,44,82,198,521,460,90,192
603,29848,64.872,8.254,49,83,198,521,460,90,192
604,29848,68.121,7.727,52,85,198,521,460,90,192
605,29848,69.940,8.039,52,89,198,521,460,90,192
606,29848,70.616,8.229,52,90,198,521,460,90,192
607,29848,71.048,8.206,53,91,198,521,460,90,192
608,29848,71.048,8.209,53,90,198,521,460,90,192
609,29848,71.182,8.192,53,92,198,521,460,90,192
610,29848,71.226,8.221,53,91,198,521,460,90,192
611,29848,71.247,8.241,53,91,198,521,460,90,192
612,29848,70.958,8.378,52,92,198,521,460,90,192
613,29848,70.472,8.450,52,91,198,521,460,90,192
614,29848,69.977,8.467,52,90,198,521,460,90,192
615,29848,69.977,8.469,52,90,198,521,460,90,192
616,29848,69.717,8.320,52,90,198,521,460,90,192
617,29848,69.421,8.205,52,89,198,521,460,90,192
618,29848,69.021,8.177,52,89,198,521,460,90,192
619,29848,68.493,8.161,51,88,198,521,460,90,192
620,29848,68.047,8.160,51,88,198,521,460,90,192
621,29848,67.463,8.209,50,87,198,521,460,90,192
622,29848,66.680,8.245,49,84,198,521,460,90,192
623,29848,66.686,8.249,49,84,198,521,460,90,192
624,29848,66.157,8.316,48,84,198,521,460,90,192
625,29848,65.265,8.457,49,84,198,521,460,90,192
626,29848,64.564,8.636,48,83,198,521,460,90,192
627,29848,63.793,8.886,45,84,198,521,460,90,192
628,29848,62.926,9.120,46,84,198,521,460,90,192
629,29848,62.054,9.241,44,84,198,521,460,90,192
630,29848,61.258,9.492,44,83,198,521,460,90,192
631,29848,61.239,9.484,44,83,198,521,460,90,192
632,29848,61.134,9.763,44,82,198,521,460,90,192
633,29848,61.144,10.136,44,85,198,521,460,90,192
634,29848,61.270,10.205,44,85,198,521,460,90,192
635,29848,61.496,10.072,45,84,198,521,460,90,192
636,29848,62.342,9.667,45,84,198,521,460,90,192
637,29848,64.213,8.900,47,83,198,521,460,90,192
638,29848,64.209,8.896,47,83,198,521,460,90,192
639,29848,67.082,8.041,50,87,198,521,460,90,192
640,29848,69.677,7.953,52,88,198,521,460,90,192
641,29848,70.797,8.062,52,90,198,521,460,90,192
642,29848,71.110,8.164,52,91,198,521,460,90,192
643,29848,71.217,8.242,52,91,198,521,460,90,192
644,29848,71.419,8.165,53,91,198,521,460,90,192
645,29848,71.480,8.149,53,91,198,521,460,90,192
646,29848,71.475,8.149,53,91,198,521,460,90,192
647,29848,71.060,8.276,52,91,198,521,460,90,192
648,29848,70.549,8.356,51,92,198,521,460,90,192
649,29848,70.120,8.263,51,91,198,521,460,90,192
650,29848,69.845,8.254,51,90,198,521,460,90,192
651,29848,69.357,8.060,51,89,198,521,460,90,192
652,29848,68.986,8.039,51,89,198,521,460,90,192
653,29848,68.535,7.916,51,88,198,521,460,90,192
654,29848,68.538,7.914,51,88,198,521,460,90,192
655,29848,68.172,7.996,50,87,198,521,460,90,192
656,29848,67.474,8.018,49,87,198,521,460,90,192
657,29848,66.544,8.182,49,87,198,521,460,90,192
658,29848,66.024,8.355,49,87,198,521,460,90,192
659,29848,65.339,8.652,48,88,198,521,460,90,192
660,29848,64.409,8.891,48,87,198,521,460,90,192
661,29848,64.410,8.883,48,87,198,521,460,90,192
662,29848,63.402,9.159,46,87,198,521,460,90,192
663,29848,62.270,9.543,46,86,198,521,460,90,192
664,29848,61.248,9.598,45,85,198,521,460,90,192
665,29848,60.431,9.796,44,84,198,521,460,90,192
666,29848,59.892,9.911,43,82,198,521,460,90,192
667,29848,59.343,9.946,42,82,198,521,460,90,192
668,29848,59.350,9.920,41,82,198,521,460,90,192
669,29848,59.346,9.922,41,82,198,521,460,90,192
670,29848,59.595,9.802,41,81,198,521,460,90,192
671,29848,60.186,9.564,41,81,198,521,460,90,192
672,29848,60.849,9.251,43,81,198,521,460,90,192
673,29848,61.851,8.974,44,81,198,521,460,90,192
674,29848,63.156,8.486,46,82,198,521,460,90,192
675,29848,65.219,8.105,49,83,198,521,460,90,192
676,29848,67.461,7.729,49,84,198,521,460,90,192
677,29848,67.466,7.729,49,84,198,521,460,90,192
678,29848,69.047,7.827,52,87,198,521,460,90,192
679,29848,69.613,7.906,52,88,198,521,460,90,192
680,29848,70.009,7.935,52,89,198,521,460,90,192
681,29848,70.138,8.032,52,90,198,521,460,90,192
682,29848,70.108,8.019,52,90,198,521,460,90,192
683,29848,69.472,8.162,52,89,198,521,460,90,192
684,29848,69.469,8.164,52,89,198,521,460,90,192
685,29848,68.707,8.240,50,90,198,521,460,90,192
686,29848,68.049,8.231,49,87,198,521,460,90,192
687,29848,67.700,8.201,48,87,198,521,460,90,192
688,29848,67.399,8.130,48,87,198,521,460,90,192
689,29848,67.040,8.118,48,85,198,521,460,90,192
690,29848,66.642,8.134,49,85,198,521,460,90,192
691,29848,66.089,8.253,48,85,198,521,460,90,192
692,29848,66.092,8.255,49,85,198,521,460,90,192
693,29848,65.683,8.314,49,84,198,521,460,90,192
694,29848,65.198,8.455,49,84,198,521,460,90,192
695,29848,64.617,8.755,48,87,198,521,460,90,192
696,29848,63.937,8.959,46,86,198,521,460,90,192
697,29848,63.031,9.265,46,86,198,521,460,90,192
698,29848,61.983,9.604,46,87,198,521,460,90,192
699,29848,61.053,10.050,46,88,198,521,460,90,192
700,29848,61.051,10.049,46,88,198,521,460,90,192
701,29848,60.237,10.231,44,85,198,521,460,90,192
702,29848,59.582,10.260,44,83,198,521,460,90,192
703,29848,59.326,10.380,43,84,198,521,460,90,192
704,29848,59.058,10.553,42,84,198,521,460,90,192
705,29848,59.012,10.538,41,83,198,521,460,90,192
706,29848,58.973,10.239,41,82,198,521,460,90,192
707,29848,59.022,10.118,40,82,198,521,460,90,192
708,29848,59.025,10.116,40,82,198,521,460,90,192
709,29848,59.628,9.746,42,82,198,521,460,90,192
710,29848,60.247,9.444,43,82,198,521,460,90,192
711,29848,61.392,9.019,44,81,198,521,460,90,192
712,29848,63.169,8.498,46,82,198,521,460,90,192
713,29848,65.517,8.041,49,83,198,521,460,90,192
714,29848,67.131,7.907,50,84,198,521,460,90,192
715,29848,67.133,7.911,50,84,198,521,460,90,192
716,29848,68.077,7.999,50,87,198,521,460,90,192
717,29848,68.557,8.031,50,88,198,521,460,90,192
718,29848,68.697,8.085,50,89,198,521,460,90,192
719,29848,68.691,8.087,50,89,198,521,460,90,192
720,29848,68.748,8.120,50,89,198,521,460,90,192
721,29848,68.707,8.120,51,89,198,521,460,90,192
722,29848,68.411,8.073,50,89,198,521,460,90,192
723,29848,68.412,8.074,50,89,198,521,460,90,192
724,29848,67.825,8.156,49,87,198,521,460,90,192
725,29848,67.314,8.253,50,85,198,521,460,90,192
726,29848,66.668,8.172,48,87,198,521,460,90,192
727,29848,66.233,8.140,47,85,198,521,460,90,192
728,29848,65.616,8.300,48,84,198,521,460,90,192
729,29848,65.073,8.327,46,83,198,521,460,90,192
730,29848,64.533,8.450,46,83,198,521,460,90,192
731,29848,64.532,8.455,46,83,198,521,460,90,192
732,29848,63.686,8.646,46,83,198,521,460,90,192
733,29848,62.813,8.766,46,82,198,521,460,90,192
734,29848,61.843,8.928,45,82,198,521,460,90,192
735,29848,60.709,9.152,45,81,198,521,460,90,192
736,29848,59.791,9.236,43,81,198,521,460,90,192
737,29848,58.656,9.511,42,80,198,521,460,90,192
738,29848,58.654,9.512,42,80,198,521,460,90,192
739,29848,57.710,9.755,41,80,198,521,460,90,192
740,29848,56.944,9.863,40,80,198,521,460,90,192
741,29848,56.772,10.045,39,79,198,521,460,90,192
742,29848,56.821,10.181,39,78,198,521,460,90,192
743,29848,56.908,10.303,39,80,198,521,460,90,192
744,29848,58.290,9.951,40,80,198,521,460,90,192
745,29848,61.639,8.889,44,82,198,521,460,90,192
746,29848,61.641,8.889,44,82,198,521,460,90,192
747,29848,64.546,8.275,46,83,198,521,460,90,192
748,29848,66.063,8.183,47,85,198,521,460,90,192
749,29848,66.901,8.128,49,84,198,521,460,90,192
750,29848,67.348,8.204,49,84,198,521,460,90,192
751,29848,67.486,8.229,50,85,198,521,460,90,192
752,29848,67.598,8.186,50,85,198,521,460,90,192
753,29848,67.540,8.177,50,85,198,521,460,90,192
754,29848,67.537,8.177,50,85,198,521,460,90,192
755,29848,67.026,8.194,49,85,198,521,460,90,192
756,29848,66.347,8.256,48,85,198,521,460,90,192
757,29848,65.788,8.472,48,84,198,521,460,90,192
758,29848,65.535,8.449,46,85,198,521,460,90,192
759,29848,65.099,8.436,46,84,198,521,460,90,192
760,29848,64.539,8.457,46,83,198,521,460,90,192
761,29848,64.539,8.457,46,83,198,521,460,90,192
762,29848,64.019,8.602,46,82,198,521,460,90,192
763,29848,63.426,8.501,45,83,198,521,460,90,192
764,29848,62.771,8.550,45,81,198,521,460,90,192
765,29848,61.909,8.583,44,81,198,521,460,90,192
766,29848,61.376,8.633,44,80,198,521,460,90,192
767,29848,60.637,8.733,44,79,198,521,460,90,192
768,29848,59.924,8.828,43,78,198,521,460,90,192
769,29848,59.922,8.829,43,78,198,521,460,90,192
770,29848,59.047,8.949,42,78,198,521,460,90,192
771,29848,58.381,9.027,41,77,198,521,460,90,192
772,29848,57.655,9.166,40,77,198,521,460,90,192
773,29848,57.237,9.128,39,76,198,521,460,90,192
774,29848,56.724,9.317,38,76,198,521,460,90,192
775,29848,56.537,9.353,38,77,198,521,460,90,192
776,29848,56.510,9.506,38,77,198,521,460,90,192
777,29848,56.507,9.504,38,77,198,521,460,90,192
778,29848,56.888,9.463,38,78,198,521,460,90,192
779,29848,57.659,9.101,41,79,198,521,460,90,192
780,29848,59.492,8.558,42,79,198,521,460,90,192
781,29848,62.532,7.864,44,81,198,521,460,90,192
782,29848,64.882,7.801,48,82,198,521,460,90,192
783,29848,65.999,7.885,46,83,198,521,460,90,192
784,29848,65.997,7.885,46,83,198,521,460,90,192
785,29848,66.607,7.879,46,84,198,521,460,90,192
786,29848,66.838,7.956,46,86,198,521,460,90,192
787,29848,66.887,7.917,46,84,198,521,460,90,192
788,29848,66.794,7.999,48,84,198,521,460,90,192
789,29848,66.570,8.048,48,84,198,521,460,90,192
790,29848,66.044,8.085,46,84,198,521,460,90,192
791,29848,65.836,8.085,46,83,198,521,460,90,192
792,29848,65.839,8.086,46,83,198,521,460,90,192
793,29848,65.392,8.082,45,84,198,521,460,90,192
794,29848,65.197,7.969,45,83,198,521,460,90,192
795,29848,64.632,7.903,45,83,198,521,460,90,192
796,29848,64.321,7.942,45,83,198,521,460,90,192
797,29848,63.705,7.985,44,82,198,521,460,90,192
798,29848,63.017,8.017,44,82,198,521,460,90,192
799,29848,62.273,7.948,44,79,198,521,460,90,192
800,29848,62.266,7.946,44,79,198,521,460,90,192
801,29848,61.648,7.918,44,79,198,521,460,90,192
802,29848,60.900,8.065,44,79,198,521,460,90,192
803,29848,60.252,8.195,43,78,198,521,460,90,192
804,29848,59.207,8.255,43,77,198,521,460,90,192
805,29848,58.257,8.272,42,76,198,521,460,90,192
806,29848,57.351,8.265,42,76,198,521,460,90,192
807,29848,57.350,8.263,42,76,198,521,460,90,192
808,29848,56.908,8.344,41,76,198,521,460,90,192
809,29848,56.402,8.425,41,76,198,521,460,90,192
810,29848,56.759,8.939,39,78,198,521,460,90,192
811,29848,57.404,8.963,39,78,198,521,460,90,192
812,29848,59.734,8.367,43,78,198,521,460,90,192
813,29848,63.008,7.741,45,81,198,521,460,90,192
814,29848,65.759,7.609,48,82,198,521,460,90,192
815,29848,65.760,7.608,48,82,198,521,460,90,192
816,29848,66.708,7.663,49,83,198,521,460,90,192
817,29848,67.278,7.709,49,84,198,521,460,90,192
818,29848,67.402,7.785,49,85,198,521,460,90,192
819,29848,67.446,7.796,49,85,198,521,460,90,192
820,29848,67.367,7.820,49,85,198,521,460,90,192
821,29848,66.768,8.000,49,85,198,521,460,90,192
822,29848,66.368,8.054,48,84,198,521,460,90,192
823,29848,66.366,8.055,48,84,198,521,460,90,192
824,29848,65.863,7.969,48,84,198,521,460,90,192
825,29848,65.206,8.031,45,83,198,521,460,90,192
826,29848,64.779,7.975,46,83,198,521,460,90,192
827,29848,64.383,7.862,46,82,198,521,460,90,192
828,29848,63.753,7.769,44,82,198,521,460,90,192
829,29848,63.482,7.704,44,81,198,521,460,90,192
830,29848,63.482,7.704,44,81,198,521,460,90,192
831,29848,62.673,7.816,43,81,198,521,460,90,192
832,29848,61.996,7.854,44,79,198,521,460,90,192
833,29848,61.345,7.847,44,79,198,521,460,90,192
834,29848,60.652,7.972,43,78,198,521,460,90,192
835,29848,60.113,7.970,43,78,198,521,460,90,192
836,29848,59.213,8.080,42,77,198,521,460,90,192
837,29848,58.381,8.188,42,77,198,521,460,90,192
838,29848,58.382,8.189,42,77,198,521,460,90,192
839,29848,57.557,8.205,41,76,198,521,460,90,192
840,29848,56.840,8.276,42,75,198,521,460,90,192
841,29848,56.152,8.429,38,76,198,521,460,90,192
842,29848,55.999,8.582,37,75,198,521,460,90,192
843,29848,56.044,8.892,37,78,198,521,460,90,192
844,29848,56.382,9.051,37,78,198,521,460,90,192
845,29848,56.788,8.934,37,78,198,521,460,90,192
846,29848,56.786,8.934,37,78,198,521,460,90,192
847,29848,57.343,8.689,40,78,198,521,460,90,192
848,29848,58.667,8.264,42,77,198,521,460,90,192
849,29848,61.059,7.813,44,79,198,521,460,90,192
850,29848,63.793,7.684,46,81,198,521,460,90,192
851,29848,65.657,7.822,47,83,198,521,460,90,192
852,29848,66.170,7.919,47,83,198,521,460,90,192
853,29848,66.170,7.922,47,83,198,521,460,90,192
854,29848,66.293,7.942,47,84,198,521,460,90,192
855,29848,66.336,7.938,49,84,198,521,460,90,192
856,29848,66.374,7.967,48,84,198,521,460,90,192
857,29848,66.179,8.217,46,85,198,521,460,90,192
858,29848,65.927,8.283,46,85,198,521,460,90,192
859,29848,65.391,8.307,46,85,198,521,460,90,192
860,29848,65.303,8.167,46,84,198,521,460,90,192
861,29848,65.300,8.164,46,84,198,521,460,90,192
862,29848,64.924,8.132,46,84,198,521,460,90,192
863,29848,64.294,8.205,45,83,198,521,460,90,192
864,29848,63.865,8.123,45,82,198,521,460,90,192
865,29848,63.234,8.138,44,81,198,521,460,90,192
866,29848,62.617,8.145,44,82,198,521,460,90,192
867,29848,62.133,8.074,44,81,198,521,460,90,192
868,29848,61.382,8.198,43,79,198,521,460,90,192
869,29848,61.385,8.194,44,79,198,521,460,90,192
870,29848,60.703,8.291,43,78,198,521,460,90,192
871,29848,59.924,8.452,43,77,198,521,460,90,192
872,29848,59.223,8.464,43,77,198,521,460,90,192
873,29848,58.225,8.580,42,77,198,521,460,90,192
874,29848,57.192,8.651,40,76,198,521,460,90,192
875,29848,56.532,8.749,38,76,198,521,460,90,192
876,29848,56.530,8.750,38,76,198,521,460,90,192
877,29848,55.938,8.728,39,75,198,521,460,90,192
878,29848,55.462,8.861,38,75,198,521,460,90,192
879,29848,55.326,8.918,37,76,198,521,460,90,192
880,29848,55.331,8.935,37,76,198,521,460,90,192
881,29848,56.550,8.703,37,77,198,521,460,90,192
882,29848,59.475,8.063,42,78,198,521,460,90,192
883,29848,62.550,7.908,44,82,198,521,460,90,192
884,29848,62.556,7.904,44,82,198,521,460,90,192
885,29848,64.977,7.905,46,84,198,521,460,90,192
886,29848,65.890,8.019,45,84,198,521,460,90,192
887,29848,66.342,8.103,45,84,198,521,460,90,192
888,29848,66.417,8.097,46,85,198,521,460,90,192
889,29848,66.399,8.148,46,85,198,521,460,90,192
890,29848,66.259,8.259,45,85,198,521,460,90,192
891,29848,65.714,8.289,45,84,198,521,460,90,192
892,29848,65.713,8.291,45,84,198,521,460,90,192
893,29848,65.376,8.265,45,84,198,521,460,90,192
894,29848,64.836,8.181,45,84,198,521,460,90,192
895,29848,64.608,8.184,45,83,198,521,460,90,192
896,29848,64.177,8.195,44,82,198,521,460,90,192
897,29848,63.492,8.095,44,82,198,521,460,90,192
898,29848,63.226,8.108,44,81,198,521,460,90,192
899,29848,63.228,8.101,44,81,198,521,460,90,192
900,29848,62.560,8.105,44,82,198,521,460,90,192
901,29848,61.897,8.117,44,80,198,521,460,90,192
902,29848,61.251,8.162,44,79,198,521,460,90,192
903,29848,60.600,8.173,44,78,198,521,460,90,192
904,29848,59.844,8.346,42,78,198,521,460,90,192
905,29848,59.036,8.317,42,76,198,521,460,90,192
906,29848,58.100,8.416,41,76,198,521,460,90,192
907,29848,58.097,8.416,41,76,198,521,460,90,192
908,29848,57.226,8.575,41,76,198,521,460,90,192
909,29848,56.439,8.612,38,75,198,521,460,90,192
910,29848,55.957,8.708,39,75,198,521,460,90,192
911,29848,55.266,8.905,37,73,198,521,460,90,192
912,29848,55.126,9.142,37,76,198,521,460,90,192
913,29848,55.111,9.256,37,77,198,521,460,90,192
914,29848,55.429,9.224,36,77,198,521,460,90,192
915,29848,55.431,9.224,36,76,198,521,460,90,192
916,29848,55.886,8.982,37,76,198,521,460,90,192
917,29848,56.444,8.654,40,77,198,521,460,90,192
918,29848,57.243,8.391,40,77,198,521,460,90,192
919,29848,58.720,8.009,42,78,198,521,460,90,192
920,29848,61.118,7.845,43,79,198,521,460,90,192
921,29848,63.681,7.739,44,81,198,521,460,90,192
922,29848,63.681,7.739,44,81,198,521,460,90,192
923,29848,64.980,7.805,45,82,198,521,460,90,192
924,29848,65.652,7.878,44,83,198,521,460,90,192
925,29848,65.951,7.926,45,83,198,521,460,90,192
926,29848,66.010,8.004,45,83,198,521,460,90,192
927,29848,66.070,8.032,45,84,198,521,460,90,192
928,29848,65.941,8.206,45,84,198,521,460,90,192
929,29848,65.602,8.198,44,84,198,521,460,90,192
930,29848,65.602,8.201,44,84,198,521,460,90,192
931,29848,65.251,8.096,44,84,198,521,460,90,192
932,29848,64.818,8.224,44,84,198,521,460,90,192
933,29848,64.508,8.238,45,82,198,521,460,90,192
934,29848,63.981,8.167,45,82,198,521,460,90,192
935,29848,63.599,8.088,44,81,198,521,460,90,192
936,29848,62.964,8.166,44,82,198,521,460,90,192
937,29848,62.394,8.237,44,82,198,521,460,90,192
938,29848,62.395,8.237,44,82,198,521,460,90,192
939,29848,61.884,8.302,45,80,198,521,460,90,192
940,29848,61.244,8.404,43,78,198,521,460,90,192
941,29848,60.519,8.550,43,77,198,521,460,90,192
942,29848,59.485,8.464,42,77,198,521,460,90,192
943,29848,58.395,8.764,41,76,198,521,460,90,192
944,29848,57.548,8.739,41,75,198,521,460,90,192
945,29848,57.549,8.737,41,75,198,521,460,90,192
946,29848,56.604,8.900,39,75,198,521,460,90,192
947,29848,55.730,9.007,37,75,198,521,460,90,192
948,29848,55.531,9.199,38,75,198,521,460,90,192
949,29848,55.615,9.522,37,76,198,521,460,90,192
950,29848,55.853,9.702,37,77,198,521,460,90,192
951,29848,56.213,9.617,36,77,198,521,460,90,192
952,29848,57.049,9.179,38,77,198,521,460,90,192
953,29848,57.051,9.179,37,77,198,521,460,90,192
954,29848,58.275,8.776,39,78,198,521,460,90,192
955,29848,60.406,8.471,42,78,198,521,460,90,192
956,29848,63.185,7.973,43,81,198,521,460,90,192
957,29848,65.102,7.894,46,82,198,521,460,90,192
958,29848,65.923,8.004,46,83,198,521,460,90,192
959,29848,66.418,8.139,46,83,198,521,460,90,192
960,29848,66.704,8.160,48,85,198,521,460,90,192
961,29848,66.716,8.163,46,85,198,521,460,90,192
962,29848,66.850,8.111,46,84,198,521,460,90,192
963,29848,66.974,8.103,48,84,198,521,460,90,192
964,29848,67.084,8.171,48,84,198,521,460,90,192
965,29848,66.753,8.210,48,85,198,521,460,90,192
966,29848,65.908,8.387,47,84,198,521,460,90,192
967,29848,65.666,8.192,46,84,198,521,460,90,192
968,29848,64.991,8.224,45,83,198,521,460,90,192
969,29848,64.986,8.224,45,83,198,521,460,90,192
970,29848,64.470,8.236,45,82,198,521,460,90,192
971,29848,64.018,8.188,45,83,198,521,460,90,192
972,29848,63.211,8.161,45,80,198,521,460,90,192
973,29848,62.804,8.257,45,80,198,521,460,90,192
974,29848,61.776,8.239,44,81,198,521,460,90,192
975,29848,61.144,8.314,44,78,198,521,460,90,192
976,29848,61.146,8.312,44,78,198,521,460,90,192
977,29848,60.299,8.505,43,78,198,521,460,90,192
978,29848,59.436,8.551,43,77,198,521,460,90,192
979,29848,58.348,8.851,42,77,198,521,460,90,192
980,29848,57.307,8.912,41,75,198,521,460,90,192
981,29848,56.563,9.039,38,75,198,521,460,90,192
982,29848,55.906,9.136,37,74,198,521,460,90,192
983,29848,55.459,9.256,38,74,198,521,460,90,192
984,29848,55.458,9.257,38,74,198,521,460,90,192
985,29848,55.447,9.532,37,75,198,521,460,90,192
986,29848,55.471,9.746,36,77,198,521,460,90,192
987,29848,55.848,9.631,35,77,198,521,460,90,192
988,29848,56.976,9.407,37,77,198,521,460,90,192
989,29848,59.227,8.692,42,78,198,521,460,90,192
990,29848,61.886,8.194,43,80,198,521,460,90,192
991,29848,64.984,8.024,45,83,198,521,460,90,192
992,29848,64.987,8.023,45,83,198,521,460,90,192
993,29848,66.932,8.098,45,86,198,521,460,90,192
994,29848,67.962,8.071,48,87,198,521,460,90,192
995,29848,68.312,8.148,48,89,198,521,460,90,192
996,29848,68.588,8.178,49,88,198,521,460,90,192
997,29848,68.573,8.244,48,89,198,521,460,90,192
998,29848,67.982,8.316,48,86,198,521,460,90,192
999,29848,67.983,8.317,48,86,198,521,460,90,192
1000,29848,67.276,8.484,46,88,198,521,460,90,192
1001,29848,66.498,8.494,47,85,198,521,460,90,192
1002,29848,66.202,8.499,46,84,198,521,460,90,192
1003,29848,65.657,8.404,44,84,198,521,460,90,192
1004,29848,65.081,8.402,44,83,198,521,460,90,192
1005,29848,64.542,8.360,44,83,198,521,460,90,192
1006,29848,64.186,8.330,45,82,198,521,460,90,192
1007,29848,64.183,8.327,45,82,198,521,460,90,192
1008,29848,63.495,8.371,44,82,198,521,460,90,192
1009,29848,62.841,8.452,44,80,198,521,460,90,192
1010,29848,61.969,8.546,44,79,198,521,460,90,192
1011,29848,61.215,8.527,44,78,198,521,460,90,192
1012,29848,60.276,8.787,43,77,198,521,460,90,192
1013,29848,59.410,8.765,41,78,198,521,460,90,192
1014,29848,58.397,8.910,42,78,198,521,460,90,192
1015,29848,58.394,8.908,42,78,198,521,460,90,192
1016,29848,57.540,9.019,40,75,198,521,460,90,192
1017,29848,56.826,9.088,38,75,198,521,460,90,192
1018,29848,56.611,9.132,37,75,198,521,460,90,192
1019,29848,56.608,9.300,37,77,198,521,460,90,192
1020,29848,56.970,9.627,37,77,198,521,460,90,192
1021,29848,57.323,9.540,37,77,198,521,460,90,192
1022,29848,57.321,9.542,37,77,198,521,460,90,192
1023,29848,58.713,9.063,39,78,198,521,460,90,192
1024,29848,61.176,8.455,43,79,198,521,460,90,192
1025,29848,64.585,8.217,44,82,198,521,460,90,192
1026,29848,66.966,8.093,48,85,198,521,460,90,192
1027,29848,67.972,8.216,48,88,198,521,460,90,192
1028,29848,68.380,8.365,46,88,198,521,460,90,192
1029,29848,68.513,8.352,47,89,198,521,460,90,192
1030,29848,68.514,8.353,47,89,198,521,460,90,192
1031,29848,68.842,8.468,48,89,198,521,460,90,192
1032,29848,68.844,8.449,48,89,198,521,460,90,192
1033,29848,68.657,8.504,48,89,198,521,460,90,192
1034,29848,68.456,8.535,47,89,198,521,460,90,192
1035,29848,68.099,8.553,48,88,198,521,460,90,192
1036,29848,67.981,8.502,48,88,198,521,460,90,192
1037,29848,67.457,8.417,48,85,198,521,460,90,192
1038,29848,67.451,8.417,48,85,198,521,460,90,192
1039,29848,66.857,8.447,46,85,198,521,460,90,192
1040,29848,66.246,8.500,46,85,198,521,460,90,192
1041,29848,65.496,8.525,46,83,198,521,460,90,192
1042,29848,64.863,8.506,45,84,198,521,460,90,192
1043,29848,64.363,8.628,44,83,198,521,460,90,192
1044,29848,63.435,8.555,44,81,198,521,460,90,192
1045,29848,63.435,8.555,44,81,198,521,460,90,192
1046,29848,62.639,8.698,44,80,198,521,460,90,192
1047,29848,61.729,8.787,43,80,198,521,460,90,192
1048,29848,60.958,8.915,43,78,198,521,460,90,192
1049,29848,59.817,8.892,42,78,198,521,460,90,192
1050,29848,58.994,9.033,41,77,198,521,460,90,192
1051,29848,58.145,9.160,39,76,198,521,460,90,192
1052,29848,57.717,9.337,38,76,198,521,460,90,192
1053,29848,57.711,9.339,38,76,198,521,460,90,192
1054,29848,57.616,9.751,38,77,198,521,460,90,192
1055,29848,58.069,9.981,37,78,198,521,460,90,192
1056,29848,59.333,9.727,40,79,198,521,460,90,192
1057,29848,61.942,8.948,43,82,198,521,460,90,192
1058,29848,65.162,8.317,45,83,198,521,460,90,192
1059,29848,68.111,8.148,48,88,198,521,460,90,192
1060,29848,69.201,8.394,48,89,198,521,460,90,192
1061,29848,69.202,8.396,48,89,198,521,460,90,192
1062,29848,69.833,8.460,48,90,198,521,460,90,192
1063,29848,70.031,8.534,49,89,198,521,460,90,192
1064,29848,70.236,8.547,49,89,198,521,460,90,192
1065,29848,70.296,8.626,49,89,198,521,460,90,192
1066,29848,70.179,8.728,48,89,198,521,460,90,192
1067,29848,69.809,8.920,48,90,198,521,460,90,192
1068,29848,69.806,8.918,48,90,198,521,460,90,192
1069,29848,69.616,8.830,48,90,198,521,460,90,192
1070,29848,69.093,8.837,48,89,198,521,460,90,192
1071,29848,68.977,8.754,48,88,198,521,460,90,192
1072,29848,68.312,8.599,46,88,198,521,460,90,192
1073,29848,67.924,8.650,46,86,198,521,460,90,192
1074,29848,67.418,8.688,46,85,198,521,460,90,192
1075,29848,66.676,8.679,45,84,198,521,460,90,192
1076,29848,66.678,8.675,45,84,198,521,460,90,192
1077,29848,65.900,8.648,45,84,198,521,460,90,192
1078,29848,65.026,8.674,44,84,198,521,460,90,192
1079,29848,64.065,8.686,44,82,198,521,460,90,192
1080,29848,63.136,8.746,45,81,198,521,460,90,192
1081,29848,62.058,8.827,43,79,198,521,460,90,192
1082,29848,60.803,8.984,42,78,198,521,460,90,192
1083,29848,59.508,8.993,42,77,198,521,460,90,192
1084,29848,59.512,8.992,42,77,198,521,460,90,192
1085,29848,58.640,9.077,41,76,198,521,460,90,192
1086,29848,57.835,9.219,38,77,198,521,460,90,192
1087,29848,57.710,9.822,38,77,198,521,460,90,192
1088,29848,57.925,10.168,37,78,198,521,460,90,192
1089,29848,58.952,9.972,37,78,198,521,460,90,192
1090,29848,61.363,9.261,41,82,198,521,460,90,192
1091,29848,61.363,9.264,41,82,198,521,460,90,192
1092,29848,64.464,8.359,45,82,198,521,460,90,192
1093,29848,67.721,8.158,48,85,198,521,460,90,192
1094,29848,69.430,8.291,49,89,198,521,460,90,192
1095,29848,70.094,8.416,49,90,198,521,460,90,192
1096,29848,70.386,8.477,49,91,198,521,460,90,192
1097,29848,70.665,8.619,49,91,198,521,460,90,192
1098,29848,70.704,8.554,50,91,198,521,460,90,192
1099,29848,70.706,8.552,50,91,198,521,460,90,192
1100,29848,70.652,8.758,47,91,198,521,460,90,192
1101,29848,70.304,8.733,47,90,198,521,460,90,192
1102,29848,69.922,8.818,48,90,198,521,460,90,192
1103,29848,69.621,8.824,46,90,198,521,460,90,192
1104,29848,69.077,8.667,49,89,198,521,460,90,192
1105,29848,68.752,8.665,49,89,198,521,460,90,192
1106,29848,68.164,8.535,47,86,198,521,460,90,192
1107,29848,68.163,8.533,47,87,198,521,460,90,192
1108,29848,67.410,8.424,48,85,198,521,460,90,192
1109,29848,66.791,8.452,46,84,198,521,460,90,192
1110,29848,66.076,8.538,46,83,198,521,460,90,192
1111,29848,65.230,8.381,45,82,198,521,460,90,192
1112,29848,64.606,8.600,45,82,198,521,460,90,192
1113,29848,63.743,8.518,45,80,198,521,460,90,192
1114,29848,63.743,8.522,45,80,198,521,460,90,192
1115,29848,62.830,8.787,44,79,198,521,460,90,192
1116,29848,61.750,8.800,43,78,198,521,460,90,192
1117,29848,60.857,9.026,42,78,198,521,460,90,192
1118,29848,60.120,9.070,42,77,198,521,460,90,192
1119,29848,59.527,9.301,41,77,198,521,460,90,192
1120,29848,59.537,9.600,41,79,198,521,460,90,192
1121,29848,60.044,10.151,38,80,198,521,460,90,192
1122,29848,60.045,10.154,38,80,198,521,460,90,192
1123,29848,60.746,10.086,38,81,198,521,460,90,192
1124,29848,62.231,9.465,42,82,198,521,460,90,192
1125,29848,65.097,8.685,45,84,198,521,460,90,192
1126,29848,68.219,8.397,48,88,198,521,460,90,192
1127,29848,71.053,8.458,49,90,198,521,460,90,192
1128,29848,71.967,8.590,50,92,198,521,460,90,192
1129,29848,72.518,8.658,50,92,198,521,460,90,192
1130,29848,72.521,8.652,50,92,198,521,460,90,192
1131,29848,72.894,8.685,51,93,198,521,460,90,192
1132,29848,72.921,8.745,51,93,198,521,460,90,192
1133,29848,72.841,8.806,51,92,198,521,460,90,192
1134,29848,72.381,8.829,51,92,198,521,460,90,192
1135,29848,71.706,8.929,51,92,198,521,460,90,192
1136,29848,71.554,8.873,51,92,198,521,460,90,192
1137,29848,71.549,8.875,51,92,198,521,460,90,192
1138,29848,71.039,8.979,49,93,198,521,460,90,192
1139,29848,70.488,8.884,49,90,198,521,460,90,192
1140,29848,70.221,8.909,49,90,198,521,460,90,192
1141,29848,69.630,8.814,48,89,198,521,460,90,192
1142,29848,69.072,8.860,48,89,198,521,460,90,192
1143,29848,68.422,8.731,48,88,198,521,460,90,192
1144,29848,67.839,8.914,47,86,198,521,460,90,192
1145,29848,67.834,8.913,47,86,198,521,460,90,192
1146,29848,67.011,8.991,45,84,198,521,460,90,192
1147,29848,66.125,8.960,45,85,198,521,460,90,192
1148,29848,65.076,9.094,44,84,198,521,460,90,192
1149,29848,63.838,9.065,45,82,198,521,460,90,192
1150,29848,62.814,9.203,43,80,198,521,460,90,192
1151,29848,62.140,9.300,42,79,198,521,460,90,192
1152,29848,61.467,9.345,42,78,198,521,460,90,192
1153,29848,61.463,9.345,42,78,198,521,460,90,192
1154,29848,61.178,9.505,42,79,198,521,460,90,192
1155,29848,61.477,9.805,42,81,198,521,460,90,192
1156,29848,62.090,9.948,42,82,198,521,460,90,192
1157,29848,64.125,9.351,44,82,198,521,460,90,192
1158,29848,67.179,8.518,46,85,198,521,460,90,192
1159,29848,70.645,8.290,52,90,198,521,460,90,192
1160,29848,70.645,8.293,52,90,198,521,460,90,192
1161,29848,72.769,8.328,51,92,198,521,460,90,192
1162,29848,73.512,8.512,51,94,198,521,460,90,192
1163,29848,73.710,8.631,51,95,198,521,460,90,192
1164,29848,73.943,8.698,53,94,198,521,460,90,192
1165,29848,73.938,8.738,53,94,198,521,460,90,192
1166,29848,73.758,8.822,51,93,198,521,460,90,192
1167,29848,73.592,8.888,51,93,198,521,460,90,192
1168,29848,73.590,8.887,51,93,198,521,460,90,192
1169,29848,73.488,8.911,51,93,198,521,460,90,192
1170,29848,73.134,8.860,51,93,198,521,460,90,192
1171,29848,72.677,8.613,51,92,198,521,460,90,192
1172,29848,72.277,8.685,51,93,198,521,460,90,192
1173,29848,71.591,8.710,50,92,198,521,460,90,192
1174,29848,71.196,8.675,50,92,198,521,460,90,192
1175,29848,70.632,8.720,49,90,198,521,460,90,192
1176,29848,70.637,8.713,49,90,198,521,460,90,192
1177,29848,69.926,8.804,49,90,198,521,460,90,192
1178,29848,69.060,8.737,48,87,198,521,460,90,192
1179,29848,68.066,8.784,48,85,198,521,460,90,192
1180,29848,66.907,8.787,46,85,198,521,460,90,192
1181,29848,65.773,8.797,45,82,198,521,460,90,192
1182,29848,64.704,8.727,44,81,198,521,460,90,192
1183,29848,64.702,8.729,44,81,198,521,460,90,192
1184,29848,63.460,8.854,44,81,198,521,460,90,192
1185,29848,62.482,8.921,43,81,198,521,460,90,192
1186,29848,61.828,9.047,43,81,198,521,460,90,192
1187,29848,61.494,9.320,42,79,198,521,460,90,192
1188,29848,62.148,9.235,42,79,198,521,460,90,192
1189,29848,66.334,8.483,46,85,198,521,460,90,192
1190,29848,69.697,8.020,49,89,198,521,460,90,192
1191,29848,69.698,8.019,49,89,198,521,460,90,192
1192,29848,72.475,8.332,51,91,198,521,460,90,192
1193,29848,74.036,8.363,51,95,198,521,460,90,192
1194,29848,74.585,8.541,52,95,198,521,460,90,192
1195,29848,74.909,8.572,52,95,198,521,460,90,192
1196,29848,75.000,8.658,52,95,198,521,460,90,192
1197,29848,74.943,8.720,52,95,198,521,460,90,192
1198,29848,74.685,8.691,52,94,198,521,460,90,192
1199,29848,74.682,8.689,52,95,198,521,460,90,192
1200,29848,74.565,8.751,52,95,198,521,460,90,192
1201,29848,74.389,8.748,52,94,198,521,460,90,192
1202,29848,74.238,8.659,52,93,198,521,460,90,192
1203,29848,73.696,8.643,51,93,198,521,460,90,192
1204,29848,73.068,8.578,51,92,198,521,460,90,192
1205,29848,72.387,8.481,51,91,198,521,460,90,192
1206,29848,72.382,8.480,51,91,198,521,460,90,192
1207,29848,71.702,8.559,51,91,198,521,460,90,192
1208,29848,70.816,8.619,50,90,198,521,460,90,192
1209,29848,70.488,8.662,50,90,198,521,460,90,192
1210,29848,69.570,8.628,49,89,198,521,460,90,192
1211,29848,68.517,8.734,46,86,198,521,460,90,192
1212,29848,67.411,8.845,48,84,198,521,460,90,192
1213,29848,66.412,8.802,47,83,198,521,460,90,192
1214,29848,66.415,8.804,47,83,198,521,460,90,192
1215,29848,65.286,8.847,45,82,198,521,460,90,192
1216,29848,64.239,8.920,46,81,198,521,460,90,192
1217,29848,63.586,8.972,45,82,198,521,460,90,192
1218,29848,63.204,9.236,44,82,198,521,460,90,192
1219,29848,63.361,9.706,44,83,198,521,460,90,192
1220,29848,64.007,9.795,44,83,198,521,460,90,192
1221,29848,66.169,9.109,45,85,198,521,460,90,192
1222,29848,66.168,9.111,45,85,198,521,460,90,192
1223,29848,69.716,8.203,50,88,198,521,460,90,192
1224,29848,73.143,8.401,52,94,198,521,460,90,192
1225,29848,74.712,8.622,51,95,198,521,460,90,192
1226,29848,75.256,8.757,52,96,198,521,460,90,192
1227,29848,75.409,8.835,52,95,198,521,460,90,192
1228,29848,75.633,8.915,52,95,198,521,460,90,192
1229,29848,75.647,8.961,51,95,198,521,460,90,192
1230,29848,75.646,8.960,51,95,198,521,460,90,192
1231,29848,75.527,8.965,52,95,198,521,460,90,192
1232,29848,75.463,8.951,52,95,198,521,460,90,192
1233,29848,75.202,8.962,52,95,198,521,460,90,192
1234,29848,74.984,8.936,52,95,198,521,460,90,192
1235,29848,74.339,8.754,52,95,198,521,460,90,192
1236,29848,73.364,8.672,51,94,198,521,460,90,192
1237,29848,73.360,8.671,51,93,198,521,460,90,192
1238,29848,72.361,8.814,51,92,198,521,460,90,192
1239,29848,71.291,8.865,50,91,198,521,460,90,192
1240,29848,70.261,8.853,48,91,198,521,460,90,192
1241,29848,69.554,8.809,48,89,198,521,460,90,192
1242,29848,68.668,8.821,46,88,198,521,460,90,192
1243,29848,67.970,8.794,47,85,198,521,460,90,192
1244,29848,66.973,8.842,46,84,198,521,460,90,192
1245,29848,66.972,8.844,46,84,198,521,460,90,192
1246,29848,66.192,8.821,46,82,198,521,460,90,192
1247,29848,65.019,8.917,44,81,198,521,460,90,192
1248,29848,64.148,9.070,45,82,198,521,460,90,192
1249,29848,63.262,9.174,45,82,198,521,460,90,192
1250,29848,62.784,9.301,45,82,198,521,460,90,192
1251,29848,62.747,9.676,44,82,198,521,460,90,192
1252,29848,63.244,9.980,43,82,198,521,460,90,192
1253,29848,63.238,9.983,43,82,198,521,460,90,192
1254,29848,64.824,9.636,44,82,198,521,460,90,192
1255,29848,67.925,8.450,48,87,198,521,460,90,192
1256,29848,71.287,8.237,51,90,198,521,460,90,192
1257,29848,74.178,8.502,51,95,198,521,460,90,192
1258,29848,75.043,8.619,53,95,198,521,460,90,192
1259,29848,75.446,8.769,53,97,198,521,460,90,192
1260,29848,75.448,8.768,53,97,198,521,460,90,192
1261,29848,75.731,8.724,55,97,198,521,460,90,192
1262,29848,75.727,8.782,55,97,198,521,460,90,192
1263,29848,75.465,8.834,53,96,198,521,460,90,192
1264,29848,75.188,8.901,52,96,198,521,460,90,192
1265,29848,75.018,8.962,53,96,198,521,460,90,192
1266,29848,74.924,8.935,52,96,198,521,460,90,192
1267,29848,74.622,8.790,52,95,198,521,460,90,192
1268,29848,74.622,8.794,52,95,198,521,460,90,192
1269,29848,74.310,8.688,52,96,198,521,460,90,192
1270,29848,73.685,8.722,51,95,198,521,460,90,192
1271,29848,72.925,8.624,51,93,198,521,460,90,192
1272,29848,72.078,8.575,51,92,198,521,460,90,192
1273,29848,71.391,8.530,51,91,198,521,460,90,192
1274,29848,70.541,8.411,51,90,198,521,460,90,192
1275,29848,69.520,8.370,49,89,198,521,460,90,192
1276,29848,69.519,8.371,49,89,198,521,460,90,192
1277,29848,68.161,8.481,48,84,198,521,460,90,192
1278,29848,67.144,8.503,46,83,198,521,460,90,192
1279,29848,65.655,8.675,45,82,198,521,460,90,192
1280,29848,64.174,8.827,45,82,198,521,460,90,192
1281,29848,62.854,9.142,44,82,198,521,460,90,192
1282,29848,61.828,9.310,44,81,198,521,460,90,192
1283,29848,61.825,9.309,44,81,198,521,460,90,192
1284,29848,61.789,9.634,43,80,198,521,460,90,192
1285,29848,62.374,10.107,43,82,198,521,460,90,192
1286,29848,62.828,10.215,42,83,198,521,460,90,192
1287,29848,63.350,9.929,43,83,198,521,460,90,192
1288,29848,64.251,9.434,44,83,198,521,460,90,192
1289,29848,65.395,8.999,45,83,198,521,460,90,192
1290,29848,67.221,8.328,47,85,198,521,460,90,192
1291,29848,67.230,8.332,47,84,198,521,460,90,192
1292,29848,70.469,7.721,50,89,198,521,460,90,192
1293,29848,72.748,7.675,52,91,198,521,460,90,192
1294,29848,73.628,7.945,52,92,198,521,460,90,192
1295,29848,74.124,8.096,52,92,198,521,460,90,192
1296,29848,74.331,8.242,53,94,198,521,460,90,192
1297,29848,74.334,8.272,52,94,198,521,460,90,192
1298,29848,74.432,8.280,52,95,198,521,460,90,192
1299,29848,74.432,8.282,52,95,198,521,460,90,192
1300,29848,74.394,8.348,52,95,198,521,460,90,192
1301,29848,74.018,8.478,52,95,198,521,460,90,192
1302,29848,73.617,8.498,52,94,198,521,460,90,192
1303,29848,73.030,8.355,52,92,198,521,460,90,192
1304,29848,72.567,8.191,52,91,198,521,460,90,192
1305,29848,71.675,8.126,51,90,198,521,460,90,192
1306,29848,71.673,8.120,51,90,198,521,460,90,192
1307,29848,70.941,7.998,51,90,198,521,460,90,192
1308,29848,70.189,8.034,50,87,198,521,460,90,192
1309,29848,69.462,7.988,50,88,198,521,460,90,192
1310,29848,68.608,8.111,49,86,198,521,460,90,192
1311,29848,67.334,8.391,46,86,198,521,460,90,192
1312,29848,66.235,8.620,46,84,198,521,460,90,192
1313,29848,65.087,8.932,44,86,198,521,460,90,192
1314,29848,65.085,8.935,44,86,198,521,460,90,192
1315,29848,64.149,9.119,44,84,198,521,460,90,192
1316,29848,63.195,9.451,44,84,198,521,460,90,192
1317,29848,62.122,9.806,43,84,198,521,460,90,192
1318,29848,62.066,10.022,43,84,198,521,460,90,192
1319,29848,62.486,10.394,42,85,198,521,460,90,192
1320,29848,62.970,10.631,42,86,198,521,460,90,192
1321,29848,63.294,10.629,41,84,198,521,460,90,192
1322,29848,63.291,10.626,41,84,198,521,460,90,192
1323,29848,64.081,10.109,41,86,198,521,460,90,192
1324,29848,65.497,9.629,43,87,198,521,460,90,192
1325,29848,67.641,8.772,46,89,198,521,460,90,192
1326,29848,71.172,8.321,52,90,198,521,460,90,192
1327,29848,74.057,8.351,52,94,198,521,460,90,192
1328,29848,75.350,8.613,52,95,198,521,460,90,192
1329,29848,75.354,8.610,52,95,198,521,460,90,192
1330,29848,75.873,8.671,54,96,198,521,460,90,192
1331,29848,76.405,8.720,55,96,198,521,460,90,192
1332,29848,76.457,8.818,52,96,198,521,460,90,192
1333,29848,75.907,8.849,52,96,198,521,460,90,192
1334,29848,75.517,8.802,52,96,198,521,460,90,192
1335,29848,75.102,8.802,52,96,198,521,460,90,192
1336,29848,74.556,8.712,51,95,198,521,460,90,192
1337,29848,74.555,8.713,51,95,198,521,460,90,192
1338,29848,73.684,8.623,52,94,198,521,460,90,192
1339,29848,72.791,8.519,51,91,198,521,460,90,192
1340,29848,71.939,8.326,50,91,198,521,460,90,192
1341,29848,71.099,8.235,50,89,198,521,460,90,192
1342,29848,70.296,8.201,50,88,198,521,460,90,192
1343,29848,69.346,8.219,49,87,198,521,460,90,192
1344,29848,68.363,8.356,47,85,198,521,460,90,192
1345,29848,68.360,8.358,47,85,198,521,460,90,192
1346,29848,67.245,8.471,48,84,198,521,460,90,192
1347,29848,66.362,8.660,46,84,198,521,460,90,192
1348,29848,65.230,8.827,46,86,198,521,460,90,192
1349,29848,64.183,9.165,45,84,198,521,460,90,192
1350,29848,63.383,9.402,45,84,198,521,460,90,192
1351,29848,63.147,9.604,44,86,198,521,460,90,192
1352,29848,63.147,9.605,44,86,198,521,460,90,192
1353,29848,63.711,10.143,44,85,198,521,460,90,192
1354,29848,64.396,10.485,43,89,198,521,460,90,192
1355,29848,64.998,10.474,43,89,198,521,460,90,192
1356,29848,65.459,10.225,43,89,198,521,460,90,192
1357,29848,66.430,9.745,44,88,198,521,460,90,192
1358,29848,68.124,9.142,46,90,198,521,460,90,192
1359,29848,71.059,8.566,50,92,198,521,460,90,192
1360,29848,71.062,8.566,50,92,198,521,460,90,192
1361,29848,74.110,8.443,52,95,198,521,460,90,192
1362,29848,75.925,8.479,54,97,198,521,460,90,192
1363,29848,76.672,8.704,54,97,198,521,460,90,192
1364,29848,77.084,8.824,55,97,198,521,460,90,192
1365,29848,77.294,8.883,55,97,198,521,460,90,192
1366,29848,77.375,9.011,55,97,198,521,460,90,192
1367,29848,76.972,9.107,53,97,198,521,460,90,192
1368,29848,76.973,9.104,53,97,198,521,460,90,192
1369,29848,76.651,9.188,52,97,198,521,460,90,192
1370,29848,76.395,9.175,53,96,198,521,460,90,192
1371,29848,75.944,9.075,53,95,198,521,460,90,192
1372,29848,75.255,9.016,52,95,198,521,460,90,192
1373,29848,74.593,8.848,52,96,198,521,460,90,192
1374,29848,73.768,8.773,51,92,198,521,460,90,192
1375,29848,73.766,8.769,52,92,198,521,460,90,192
1376,29848,72.980,8.711,52,92,198,521,460,90,192
1377,29848,72.070,8.648,51,91,198,521,460,90,192
1378,29848,71.212,8.555,51,91,198,521,460,90,192
1379,29848,70.329,8.653,49,91,198,521,460,90,192
1380,29848,69.100,8.737,49,89,198,521,460,90,192
1381,29848,68.303,8.897,49,88,198,521,460,90,192
1382,29848,67.076,9.254,48,88,198,521,460,90,192
1383,29848,67.075,9.251,48,88,198,521,460,90,192
1384,29848,65.972,9.643,47,88,198,521,460,90,192
1385,29848,64.839,9.812,44,87,198,521,460,90,192
1386,29848,64.221,10.153,44,87,198,521,460,90,192
1387,29848,64.089,10.291,43,89,198,521,460,90,192
1388,29848,64.443,10.436,43,89,198,521,460,90,192
1389,29848,64.976,10.622,42,89,198,521,460,90,192
1390,29848,65.719,10.367,43,89,198,521,460,90,192
1391,29848,65.721,10.362,43,89,198,521,460,90,192
1392,29848,68.023,9.543,45,88,198,521,460,90,192
1393,29848,70.532,9.177,48,92,198,521,460,90,192
1394,29848,73.780,8.487,51,95,198,521,460,90,192
1395,29848,76.635,8.586,53,96,198,521,460,90,192
1396,29848,78.082,8.897,55,98,198,521,460,90,192
1397,29848,78.715,9.026,55,99,198,521,460,90,192
1398,29848,78.720,9.029,55,99,198,521,460,90,192
1399,29848,79.150,9.118,56,99,198,521,460,90,192
1400,29848,79.197,9.167,56,100,198,521,460,90,192
1401,29848,78.983,9.231,56,100,198,521,460,90,192
1402,29848,78.688,9.291,56,99,198,521,460,90,192
1403,29848,78.260,9.167,57,97,198,521,460,90,192
1404,29848,78.020,9.181,56,97,198,521,460,90,192
1405,29848,77.316,9.206,55,97,198,521,460,90,192
1406,29848,77.318,9.200,55,97,198,521,460,90,192
1407,29848,76.751,9.008,55,97,198,521,460,90,192
1408,29848,75.995,9.035,53,96,198,521,460,90,192
1409,29848,75.287,9.084,53,96,198,521,460,90,192
1410,29848,74.480,9.189,52,95,198,521,460,90,192
1411,29848,73.910,9.220,52,95,198,521,460,90,192
1412,29848,73.061,9.132,51,93,198,521,460,90,192
1413,29848,72.105,9.187,50,92,198,521,460,90,192
1414,29848,72.103,9.188,50,92,198,521,460,90,192
1415,29848,70.939,9.218,50,90,198,521,460,90,192
1416,29848,69.927,9.414,48,90,198,521,460,90,192
1417,29848,68.921,9.671,46,90,198,521,460,90,192
1418,29848,68.064,10.034,45,90,198,521,460,90,192
1419,29848,67.436,10.128,45,90,198,521,460,90,192
1420,29848,67.247,10.284,45,91,198,521,460,90,192
1421,29848,67.249,10.282,45,91,198,521,460,90,192
1422,29848,67.765,10.707,45,93,198,521,460,90,192
1423,29848,68.437,11.038,44,93,198,521,460,90,192
1424,29848,70.105,10.670,45,93,198,521,460,90,192
1425,29848,73.423,9.477,52,94,198,521,460,90,192
1426,29848,76.638,9.161,55,97,198,521,460,90,192
1427,29848,79.333,9.222,56,101,198,521,460,90,192
1428,29848,80.377,9.359,56,101,198,521,460,90,192
1429,29848,80.374,9.359,56,101,198,521,460,90,192
1430,29848,80.786,9.466,57,101,198,521,460,90,192
1431,29848,81.129,9.476,58,101,198,521,460,90,192
1432,29848,81.189,9.566,58,101,198,521,460,90,192
1433,29848,80.931,9.624,58,101,198,521,460,90,192
1434,29848,80.769,9.686,57,101,198,521,460,90,192
1435,29848,80.649,9.576,57,100,198,521,460,90,192
1436,29848,80.533,9.599,57,100,198,521,460,90,192
1437,29848,80.530,9.601,58,100,198,521,460,90,192
1438,29848,80.209,9.551,57,101,198,521,460,90,192
1439,29848,79.845,9.519,56,101,198,521,460,90,192
1440,29848,79.263,9.504,56,99,198,521,460,90,192
1441,29848,78.901,9.495,56,100,198,521,460,90,192
1442,29848,78.295,9.555,56,99,198,521,460,90,192
1443,29848,77.573,9.521,56,97,198,521,460,90,192
1444,29848,77.573,9.522,56,97,198,521,460,90,192
1445,29848,76.615,9.634,54,97,198,521,460,90,192
1446,29848,75.781,9.671,53,96,198,521,460,90,192
1447,29848,74.676,9.589,51,95,198,521,460,90,192
1448,29848,73.515,9.557,50,95,198,521,460,90,192
1449,29848,72.251,9.497,49,94,198,521,460,90,192
1450,29848,71.448,9.490,50,93,198,521,460,90,192
1451,29848,70.494,9.721,49,92,198,521,460,90,192
1452,29848,70.493,9.722,49,92,198,521,460,90,192
1453,29848,69.905,9.937,48,93,198,521,460,90,192
1454,29848,69.865,10.139,48,93,198,521,460,90,192
1455,29848,70.198,10.185,45,93,198,521,460,90,192
1456,29848,73.705,9.385,50,95,198,521,460,90,192
1457,29848,77.432,9.183,56,101,198,521,460,90,192
1458,29848,79.630,9.272,57,101,198,521,460,90,192
1459,29848,81.194,9.476,58,101,198,521,460,90,192
1460,29848,81.199,9.478,58,101,198,521,460,90,192
1461,29848,82.050,9.614,59,104,198,521,460,90,192
1462,29848,82.541,9.591,59,105,198,521,460,90,192
1463,29848,82.798,9.728,59,105,198,521,460,90,192
1464,29848,82.783,9.770,59,104,198,521,460,90,192
1465,29848,82.586,9.910,59,104,198,521,460,90,192
1466,29848,82.512,9.872,59,104,198,521,460,90,192
1467,29848,82.512,9.872,59,104,198,521,460,90,192
1468,29848,82.393,9.826,59,104,198,521,460,90,192
1469,29848,82.206,9.788,59,102,198,521,460,90,192
1470,29848,81.749,9.681,59,102,198,521,460,90,192
1471,29848,81.331,9.689,58,103,198,521,460,90,192
1472,29848,80.857,9.657,58,101,198,521,460,90,192
1473,29848,80.539,9.634,58,101,198,521,460,90,192
1474,29848,79.928,9.672,58,101,198,521,460,90,192
1475,29848,79.923,9.671,58,101,198,521,460,90,192
1476,29848,79.427,9.517,58,100,198,521,460,90,192
1477,29848,78.665,9.633,57,99,198,521,460,90,192
1478,29848,77.675,9.603,56,97,198,521,460,90,192
1479,29848,76.670,9.510,55,96,198,521,460,90,192
1480,29848,75.542,9.533,55,96,198,521,460,90,192
1481,29848,74.569,9.507,53,95,198,521,460,90,192
1482,29848,73.582,9.483,52,95,198,521,460,90,192
1483,29848,73.584,9.484,52,95,198,521,460,90,192
1484,29848,72.608,9.514,52,94,198,521,460,90,192
1485,29848,71.968,9.656,50,94,198,521,460,90,192
1486,29848,71.458,10.101,50,94,198,521,460,90,192
1487,29848,71.512,10.549,49,95,198,521,460,90,192
1488,29848,72.300,10.493,49,95,198,521,460,90,192
1489,29848,76.413,9.499,56,98,198,521,460,90,192
1490,29848,79.183,9.427,58,100,198,521,460,90,192
1491,29848,79.184,9.426,58,100,198,521,460,90,192
1492,29848,81.369,9.546,58,102,198,521,460,90,192
1493,29848,82.542,9.617,59,103,198,521,460,90,192
1494,29848,83.213,9.780,59,105,198,521,460,90,192
1495,29848,83.439,9.847,59,105,198,521,460,90,192
1496,29848,83.454,9.916,59,105,198,521,460,90,192
1497,29848,83.333,9.955,59,104,198,521,460,90,192
1498,29848,83.333,9.959,59,104,198,521,460,90,192
1499,29848,83.135,9.971,59,103,198,521,460,90,192
1500,29848,83.077,9.926,59,105,198,521,460,90,192
1501,29848,82.855,9.910,58,105,198,521,460,90,192
1502,29848,82.546,9.955,58,104,198,521,460,90,192
1503,29848,82.139,9.840,58,102,198,521,460,90,192
1504,29848,81.755,9.707,58,102,198,521,460,90,192
1505,29848,81.127,9.701,59,101,198,521,460,90,192
1506,29848,81.124,9.708,59,102,198,521,460,90,192
1507,29848,80.742,9.668,59,101,198,521,460,90,192
1508,29848,80.209,9.636,58,100,198,521,460,90,192
1509,29848,79.765,9.572,58,101,198,521,460,90,192
1510,29848,78.911,9.412,58,101,198,521,460,90,192
1511,29848,77.997,9.223,57,98,198,521,460,90,192
1512,29848,76.530,8.947,55,96,198,521,460,90,192
1513,29848,75.347,8.959,54,95,198,521,460,90,192
1514,29848,75.347,8.962,54,95,198,521,460,90,192
1515,29848,74.198,8.806,54,93,198,521,460,90,192
1516,29848,73.234,8.713,52,94,198,521,460,90,192
1517,29848,72.488,8.594,52,92,198,521,460,90,192
1518,29848,71.754,8.774,52,93,198,521,460,90,192
1519,29848,71.641,9.483,52,94,198,521,460,90,192
1520,29848,72.013,10.147,50,94,198,521,460,90,192
1521,29848,72.018,10.147,51,94,198,521,460,90,192
1522,29848,73.861,9.887,51,95,198,521,460,90,192
1523,29848,77.069,8.850,56,97,198,521,460,90,192
1524,29848,79.183,9.082,58,100,198,521,460,90,192
1525,29848,80.493,9.305,57,100,198,521,460,90,192
1526,29848,80.991,9.578,58,102,198,521,460,90,192
1527,29848,81.343,9.625,58,103,198,521,460,90,192
1528,29848,81.693,9.694,59,103,198,521,460,90,192
1529,29848,81.694,9.697,59,103,198,521,460,90,192
1530,29848,81.730,9.710,59,103,198,521,460,90,192
1531,29848,81.472,9.854,58,103,198,521,460,90,192
1532,29848,81.249,9.965,58,103,198,521,460,90,192
1533,29848,81.175,9.928,58,103,198,521,460,90,192
1534,29848,81.157,9.822,57,102,198,521,460,90,192
1535,29848,81.094,9.867,57,101,198,521,460,90,192
1536,29848,80.883,9.814,57,101,198,521,460,90,192
1537,29848,80.883,9.818,57,101,198,521,460,90,192
1538,29848,80.658,9.628,57,103,198,521,460,90,192
1539,29848,80.217,9.594,58,101,198,521,460,90,192
1540,29848,79.954,9.456,58,101,198,521,460,90,192
1541,29848,79.372,9.510,57,100,198,521,460,90,192
1542,29848,78.918,9.374,58,100,198,521,460,90,192
1543,29848,78.387,9.366,58,99,198,521,460,90,192
1544,29848,78.387,9.367,58,99,198,521,460,90,192
1545,29848,77.832,9.155,57,97,198,521,460,90,192
1546,29848,77.153,9.071,57,97,198,521,460,90,192
1547,29848,76.318,8.948,56,96,198,521,460,90,192
1548,29848,75.476,8.724,55,96,198,521,460,90,192
1549,29848,74.555,8.541,53,94,198,521,460,90,192
1550,29848,73.543,8.174,53,91,198,521,460,90,192
1551,29848,72.377,8.021,52,88,198,521,460,90,192
1552,29848,72.377,8.026,51,88,198,521,460,90,192
1553,29848,71.052,8.024,51,88,198,521,460,90,192
1554,29848,69.930,8.396,50,88,198,521,460,90,192
1555,29848,68.105,9.159,47,88,198,521,460,90,192
1556,29848,67.377,9.473,46,88,198,521,460,90,192
1557,29848,70.947,8.873,47,92,198,521,460,90,192
1558,29848,75.331,8.550,53,98,198,521,460,90,192
1559,29848,77.027,8.720,53,98,198,521,460,90,192
1560,29848,77.027,8.716,53,98,198,521,460,90,192
1561,29848,78.371,9.020,56,101,198,521,460,90,192
1562,29848,79.414,9.233,57,102,198,521,460,90,192
1563,29848,79.909,9.187,58,103,198,521,460,90,192
1564,29848,80.195,9.228,58,102,198,521,460,90,192
1565,29848,80.506,9.365,58,102,198,521,460,90,192
1566,29848,80.532,9.488,58,102,198,521,460,90,192
1567,29848,80.535,9.487,58,102,198,521,460,90,192
1568,29848,80.459,9.545,58,102,198,521,460,90,192
1569,29848,80.426,9.631,58,103,198,521,460,90,192
1570,29848,80.433,9.633,58,104,198,521,460,90,192
1571,29848,80.332,9.589,58,103,198,521,460,90,192
1572,29848,79.729,9.663,57,101,198,521,460,90,192
1573,29848,79.212,9.735,56,102,198,521,460,90,192
1574,29848,78.678,9.755,55,101,198,521,460,90,192
1575,29848,78.671,9.759,55,101,198,521,460,90,192
1576,29848,78.103,9.690,55,100,198,521,460,90,192
1577,29848,77.646,9.605,55,99,198,521,460,90,192
1578,29848,76.967,9.544,55,100,198,521,460,90,192
1579,29848,75.972,9.442,51,96,198,521,460,90,192
1580,29848,75.275,9.372,51,96,198,521,460,90,192
1581,29848,74.263,9.505,50,94,198,521,460,90,192
1582,29848,73.081,9.542,50,93,198,521,460,90,192
1583,29848,73.078,9.541,50,93,198,521,460,90,192
1584,29848,72.118,9.658,49,93,198,521,460,90,192
1585,29848,71.316,10.026,48,92,198,521,460,90,192
1586,29848,70.652,10.330,48,92,198,521,460,90,192
1587,29848,70.196,11.217,45,96,198,521,460,90,192
1588,29848,70.589,11.766,45,96,198,521,460,90,192
1589,29848,71.328,11.745,45,95,198,521,460,90,192
1590,29848,71.331,11.745,45,95,198,521,460,90,192
1591,29848,72.234,11.342,45,95,198,521,460,90,192
1592,29848,73.469,10.560,49,96,198,521,460,90,192
1593,29848,75.290,9.817,52,99,198,521,460,90,192
1594,29848,78.327,9.577,57,101,198,521,460,90,192
1595,29848,80.690,9.568,58,101,198,521,460,90,192
1596,29848,81.729,9.876,58,103,198,521,460,90,192
1597,29848,82.149,10.090,59,105,198,521,460,90,192
1598,29848,82.150,10.091,58,105,198,521,460,90,192
1599,29848,82.440,10.220,58,105,198,521,460,90,192
1600,29848,82.402,10.294,58,106,198,521,460,90,192
1601,29848,82.247,10.383,59,106,198,521,460,90,192
1602,29848,81.998,10.340,58,106,198,521,460,90,192
1603,29848,81.860,10.283,58,106,198,521,460,90,192
1604,29848,81.358,10.175,58,105,198,521,460,90,192
1605,29848,80.808,10.080,59,105,198,521,460,90,192
1606,29848,80.809,10.081,59,105,198,521,460,90,192
1607,29848,80.037,10.063,57,102,198,521,460,90,192
1608,29848,79.590,10.113,57,102,198,521,460,90,192
1609,29848,78.948,10.077,56,102,198,521,460,90,192
1610,29848,78.423,10.101,54,101,198,521,460,90,192
1611,29848,77.628,9.974,55,100,198,521,460,90,192
1612,29848,76.893,9.924,53,100,198,521,460,90,192
1613,29848,76.894,9.926,53,100,198,521,460,90,192
1614,29848,75.814,9.756,53,96,198,521,460,90,192
1615,29848,74.977,9.808,51,96,198,521,460,90,192
1616,29848,73.753,9.921,49,97,198,521,460,90,192
1617,29848,73.000,9.961,50,94,198,521,460,90,192
1618,29848,72.131,10.103,49,96,198,521,460,90,192
1619,29848,71.490,10.265,48,96,198,521,460,90,192
1620,29848,71.599,10.520,48,96,198,521,460,90,192
1621,29848,71.598,10.518,48,95,198,521,460,90,192
1622,29848,72.216,11.090,48,96,198,521,460,90,192
1623,29848,72.645,11.112,48,96,198,521,460,90,192
1624,29848,72.861,10.746,48,94,198,521,460,90,192
1625,29848,73.998,10.072,51,95,198,521,460,90,192
1626,29848,76.151,9.469,54,96,198,521,460,90,192
1627,29848,79.530,9.685,58,100,198,521,460,90,192
1628,29848,81.848,9.502,59,103,198,521,460,90,192
1629,29848,81.849,9.503,59,103,198,521,460,90,192
1630,29848,82.492,9.680,59,104,198,521,460,90,192
1631,29848,82.919,9.738,59,106,198,521,460,90,192
1632,29848,83.023,9.710,59,105,198,521,460,90,192
1633,29848,83.015,9.822,59,105,198,521,460,90,192
1634,29848,82.788,9.873,59,105,198,521,460,90,192
1635,29848,82.427,9.855,59,104,198,521,460,90,192
1636,29848,82.425,9.854,59,104,198,521,460,90,192
1637,29848,82.137,9.843,59,104,198,521,460,90,192
1638,29848,81.826,9.792,59,104,198,521,460,90,192
1639,29848,81.520,9.714,59,103,198,521,460,90,192
1640,29848,80.886,9.657,59,104,198,521,460,90,192
1641,29848,80.361,9.715,59,102,198,521,460,90,192
1642,29848,79.680,9.574,58,101,198,521,460,90,192
1643,29848,79.159,9.426,58,99,198,521,460,90,192
1644,29848,79.154,9.422,58,99,198,521,460,90,192
1645,29848,78.207,9.379,57,99,198,521,460,90,192
1646,29848,77.244,9.357,56,99,198,521,460,90,192
1647,29848,76.180,9.367,55,97,198,521,460,90,192
1648,29848,75.075,9.473,55,96,198,521,460,90,192
1649,29848,73.742,9.580,52,95,198,521,460,90,192
1650,29848,72.529,9.785,51,93,198,521,460,90,192
1651,29848,71.518,10.065,49,93,198,521,460,90,192
1652,29848,71.523,10.067,49,93,198,521,460,90,192
1653,29848,70.776,10.303,48,93,198,521,460,90,192
1654,29848,70.502,10.471,48,94,198,521,460,90,192
1655,29848,71.062,11.039,48,93,198,521,460,90,192
1656,29848,71.838,11.494,47,95,198,521,460,90,192
1657,29848,72.284,11.365,48,95,198,521,460,90,192
1658,29848,72.611,10.988,48,95,198,521,460,90,192
1659,29848,72.616,10.987,48,95,198,521,460,90,192
1660,29848,73.215,10.403,48,97,198,521,460,90,192
1661,29848,74.209,10.064,49,95,198,521,460,90,192
1662,29848,75.680,9.770,55,96,198,521,460,90,192
1663,29848,77.887,9.386,58,99,198,521,460,90,192
1664,29848,80.424,9.294,59,101,198,521,460,90,192
1665,29848,82.085,9.408,59,103,198,521,460,90,192
1666,29848,82.621,9.537,60,103,198,521,460,90,192
1667,29848,82.625,9.534,60,103,198,521,460,90,192
1668,29848,83.153,9.646,60,105,198,521,460,90,192
1669,29848,83.454,9.566,59,104,198,521,460,90,192
1670,29848,83.449,9.695,59,104,198,521,460,90,192
1671,29848,82.962,9.861,59,104,198,521,460,90,192
1672,29848,82.682,9.815,61,104,198,521,460,90,192
1673,29848,82.412,9.719,61,104,198,521,460,90,192
1674,29848,82.058,9.666,60,102,198,521,460,90,192
1675,29848,82.058,9.668,59,103,198,521,460,90,192
1676,29848,81.590,9.600,60,102,198,521,460,90,192
1677,29848,81.000,9.574,59,102,198,521,460,90,192
1678,29848,80.295,9.573,59,101,198,521,460,90,192
1679,29848,79.526,9.438,58,100,198,521,460,90,192
1680,29848,78.731,9.570,57,100,198,521,460,90,192
1681,29848,77.818,9.482,56,99,198,521,460,90,192
1682,29848,77.821,9.479,56,99,198,521,460,90,192
1683,29848,77.011,9.573,55,97,198,521,460,90,192
1684,29848,75.941,9.605,54,96,198,521,460,90,192
1685,29848,75.002,9.622,52,95,198,521,460,90,192
1686,29848,73.953,9.761,52,94,198,521,460,90,192
1687,29848,73.219,9.935,51,96,198,521,460,90,192
1688,29848,72.410,10.141,50,95,198,521,460,90,192
1689,29848,71.988,10.346,50,95,198,521,460,90,192
1690,29848,71.986,10.343,50,95,198,521,460,90,192
1691,29848,72.100,10.659,50,94,198,521,460,90,192
1692,29848,73.057,11.262,50,96,198,521,460,90,192
1693,29848,73.918,11.293,49,97,198,521,460,90,192
1694,29848,74.393,11.037,50,97,198,521,460,90,192
1695,29848,75.257,10.467,51,98,198,521,460,90,192
1696,29848,77.067,9.980,54,99,198,521,460,90,192
1697,29848,79.623,9.798,58,101,198,521,460,90,192
1698,29848,79.625,9.799,58,101,198,521,460,90,192
1699,29848,82.596,9.515,61,104,198,521,460,90,192
1700,29848,83.805,9.513,62,105,198,521,460,90,192
1701,29848,84.588,9.723,63,105,198,521,460,90,192
1702,29848,84.997,9.796,63,105,198,521,460,90,192
1703,29848,85.195,9.895,63,106,198,521,460,90,192
1704,29848,85.051,10.044,62,106,198,521,460,90,192
1705,29848,85.047,10.042,63,106,198,521,460,90,192
1706,29848,84.749,10.052,62,106,198,521,460,90,192
1707,29848,84.395,10.034,63,106,198,521,460,90,192
1708,29848,84.153,9.901,63,106,198,521,460,90,192
1709,29848,83.661,9.914,63,105,198,521,460,90,192
1710,29848,83.202,9.804,62,105,198,521,460,90,192
1711,29848,82.534,9.697,62,104,198,521,460,90,192
1712,29848,81.885,9.777,62,104,198,521,460,90,192
1713,29848,81.883,9.774,62,104,198,521,460,90,192
1714,29848,81.415,9.791,60,102,198,521,460,90,192
1715,29848,80.753,9.744,60,102,198,521,460,90,192
1716,29848,79.952,9.685,58,100,198,521,460,90,192
1717,29848,79.066,9.778,58,99,198,521,460,90,192
1718,29848,78.083,9.739,56,99,198,521,460,90,192
1719,29848,77.128,9.855,55,100,198,521,460,90,192
1720,29848,76.080,9.978,55,96,198,521,460,90,192
1721,29848,76.082,9.977,55,96,198,521,460,90,192
1722,29848,75.372,10.121,55,96,198,521,460,90,192
1723,29848,74.609,10.274,53,95,198,521,460,90,192
1724,29848,74.070,10.345,52,95,198,521,460,90,192
1725,29848,74.181,10.538,51,97,198,521,460,90,192
1726,29848,74.973,10.575,51,96,198,521,460,90,192
1727,29848,75.714,10.557,51,98,198,521,460,90,192
1728,29848,75.719,10.557,51,98,198,521,460,90,192
1729,29848,76.959,10.092,55,97,198,521,460,90,192
1730,29848,79.999,9.622,60,101,198,521,460,90,192
1731,29848,82.702,9.639,63,102,198,521,460,90,192
1732,29848,85.422,9.587,64,105,198,521,460,90,192
1733,29848,86.419,9.575,65,106,198,521,460,90,192
1734,29848,86.943,9.786,65,107,198,521,460,90,192
1735,29848,87.331,9.602,66,107,198,521,460,90,192
1736,29848,87.335,9.602,66,107,198,521,460,90,192
1737,29848,87.225,9.594,66,107,198,521,460,90,192
1738,29848,86.826,9.906,66,106,198,521,460,90,192
1739,29848,86.691,9.931,66,106,198,521,460,90,192
1740,29848,86.460,9.993,64,106,198,521,460,90,192
1741,29848,86.353,9.944,65,106,198,521,460,90,192
1742,29848,86.111,9.896,65,105,198,521,460,90,192
1743,29848,85.779,9.871,65,106,198,521,460,90,192
1744,29848,85.780,9.872,65,106,198,521,460,90,192
1745,29848,85.333,9.773,65,106,198,521,460,90,192
1746,29848,84.699,9.818,64,105,198,521,460,90,192
1747,29848,84.181,9.890,63,106,198,521,460,90,192
1748,29848,83.452,9.915,63,104,198,521,460,90,192
1749,29848,82.844,9.938,62,104,198,521,460,90,192
1750,29848,81.970,9.942,60,102,198,521,460,90,192
1751,29848,80.657,9.872,60,101,198,521,460,90,192
1752,29848,80.655,9.868,59,101,198,521,460,90,192
1753,29848,79.350,9.871,59,99,198,521,460,90,192
1754,29848,78.071,9.993,58,98,198,521,460,90,192
1755,29848,77.226,10.162,58,99,198,521,460,90,192
1756,29848,76.303,10.202,57,97,198,521,460,90,192
1757,29848,75.905,10.187,55,96,198,521,460,90,192
1758,29848,75.922,10.446,54,96,198,521,460,90,192
1759,29848,75.925,10.443,55,96,198,521,460,90,192
1760,29848,76.579,10.809,56,100,198,521,460,90,192
1761,29848,76.929,10.782,55,99,198,521,460,90,192
1762,29848,78.336,10.180,58,99,198,521,460,90,192
1763,29848,81.036,9.725,62,100,198,521,460,90,192
1764,29848,84.488,9.902,65,105,198,521,460,90,192
1765,29848,86.553,9.840,66,110,198,521,460,90,192
1766,29848,87.088,9.794,67,107,198,521,460,90,192
1767,29848,87.093,9.792,67,107,198,521,460,90,192
1768,29848,87.452,9.820,66,107,198,521,460,90,192
1769,29848,87.714,9.870,66,107,198,521,460,90,192
1770,29848,87.711,10.044,66,107,198,521,460,90,192
1771,29848,87.460,10.146,66,106,198,521,460,90,192
1772,29848,87.390,10.143,67,106,198,521,460,90,192
1773,29848,87.275,10.117,67,106,198,521,460,90,192
1774,29848,87.117,9.937,67,105,198,521,460,90,192
1775,29848,87.122,9.937,67,105,198,521,460,90,192
1776,29848,86.800,9.918,67,106,198,521,460,90,192
1777,29848,86.606,10.034,65,106,198,521,460,90,192
1778,29848,86.121,9.998,65,107,198,521,460,90,192
1779,29848,85.534,9.824,65,105,198,521,460,90,192
1780,29848,85.115,9.740,65,105,198,521,460,90,192
1781,29848,84.499,9.889,64,104,198,521,460,90,192
1782,29848,84.502,9.893,64,104,198,521,460,90,192
1783,29848,83.904,10.018,65,104,198,521,460,90,192
1784,29848,83.110,9.859,64,104,198,521,460,90,192
1785,29848,82.252,9.806,64,101,198,521,460,90,192
1786,29848,81.254,9.631,64,100,198,521,460,90,192
1787,29848,80.216,9.643,62,100,198,521,460,90,192
1788,29848,79.305,9.775,62,99,198,521,460,90,192
1789,29848,78.350,9.954,61,99,198,521,460,90,192
1790,29848,78.350,9.955,62,99,198,521,460,90,192
1791,29848,77.780,10.015,58,99,198,521,460,90,192
1792,29848,77.741,10.234,58,99,198,521,460,90,192
1793,29848,77.867,10.515,58,99,198,521,460,90,192
1794,29848,78.805,10.464,59,99,198,521,460,90,192
1795,29848,82.217,9.860,63,102,198,521,460,90,192
1796,29848,84.411,9.931,65,105,198,521,460,90,192
1797,29848,86.649,10.073,69,106,198,521,460,90,192
1798,29848,86.653,10.072,69,106,198,521,460,90,192
1799,29848,87.929,10.092,70,109,198,521,460,90,192
1800,29848,88.545,9.898,71,109,198,521,460,90,192
